index,status,year,matched_title,doi,crossref_url,pdf_url,filename,note,reference
001,downloaded,2021,"Avian eggshell biomineralization: an update on its structure, mineralogy and protein tool kit",10.1186/s12860-021-00350-0,https://doi.org/10.1186/s12860-021-00350-0,https://link.springer.com/content/pdf/10.1186/s12860-021-00350-0.pdf,"001_2021_Avian_eggshell_biomineralization__an_update_on_its_structure,_mineralogy_and_protein_tool_kit.pdf",downloaded,"1. J. Gautron, L. Stapane, N. L. Roy, Y. Nys, A. B. Rodriguez-Navarro, M. T. Hincke, Avian eggshell biomineralization: an update on its structure, mineralogy and protein tool kit. BMC Molecular and Cell Biology 22, 11 (2021)."
002,matched-no-open-pdf,2009,Protein constituents of the eggshell: eggshell-specific matrix proteins,10.1007/s00018-009-0046-y,https://doi.org/10.1007/s00018-009-0046-y,http://link.springer.com/content/pdf/10.1007/s00018-009-0046-y.pdf,,non-pdf response (text/html; charset=utf-8),"2. M. L. H. Rose, M. T. Hincke, Protein constituents of the eggshell: eggshell-specific matrix proteins. Cellular and Molecular Life Sciences 66, 2707-2719 (2009)."
003,matched-no-open-pdf,2024,Complexity of avian evolution revealed by family-level genomes,10.1038/s41586-024-07323-1,https://doi.org/10.1038/s41586-024-07323-1,https://www.nature.com/articles/s41586-024-07323-1.pdf,,"HTTP Error 303: The HTTP server returned a redirect error that would lead to an infinite loop.
The last 30x error message was:
See Other","3. J. Stiller, S. Feng, A.-A. Chowdhury, I. Rivas-González, D. A. Duchêne, Q. Fang, Y. Deng, A. Kozlov, A. Stamatakis, S. Claramunt, J. M. T. Nguyen, S. Y. W. Ho, B. C. Faircloth, J. Haag, P. Houde, J. Cracraft, M. Balaban, U. Mai, G. Chen, R. Gao, C. Zhou, Y. Xie, Z. Huang, Z. Cao, Z. Yan, H. A. Ogilvie, L. Nakhleh, B. Lindow, B. Morel, J. Fjeldså, P. A. Hosner, R. R. da Fonseca, B. Petersen, J. A. Tobias, T. Székely, J. D. Kennedy, A. H. Reeve, A. Liker, M. Stervander, A. Antunes, D. T. Tietze, M. F. Bertelsen, F. Lei, C. Rahbek, G. R. Graves, M. H. Schierup, T. Warnow, E. L. Braun, M. T. P. Gilbert, E. D. Jarvis, S. Mirarab, G. Zhang, Complexity of avian evolution revealed by family-level genomes. Nature 629, 851-860 (2024)."
004,matched-no-open-pdf,2020,Avian eggshell formation reveals a new paradigm for vertebrate mineralization via vesicular amorphous calcium carbonate,10.1074/jbc.ra120.014542,https://doi.org/10.1074/jbc.ra120.014542,,,Matched DOI but no direct open PDF URL found,"4. L. Stapane, N. L. Roy, J. Ezagal, A. B. Rodriguez-Navarro, V. Labas, L. Combes-Soia, M. T. Hincke, J. Gautron, Avian eggshell formation reveals a new paradigm for vertebrate mineralization via vesicular amorphous calcium carbonate. Journal of Biological Chemistry 295, 15853-15869 (2020)."
005,matched-no-open-pdf,2021,CAFE 5 models variation in evolutionary rates among gene families,10.1093/bioinformatics/btaa1022,https://doi.org/10.1093/bioinformatics/btaa1022,https://academic.oup.com/bioinformatics/article-pdf/36/22-23/5516/50715884/btaa1022.pdf,,HTTP Error 403: Forbidden,"5. F. K. Mendes, D. Vanderpool, B. Fulton, M. W. Hahn, CAFE 5 models variation in evolutionary rates among gene families. Bioinformatics 36, 5516-5518 (2021)."
006,matched-no-open-pdf,2017,Identification of NGlycosites in Chicken Egg White Proteins Using an Omics Strategy,10.1021/acs.jafc.7b01706.s001,https://doi.org/10.1021/acs.jafc.7b01706.s001,,,Matched DOI but no direct open PDF URL found,"6. F. Geng, Y. Huang, Y. Chen, D. Yao, Z. Jiang, M. Huang, Identification of N-glycosites in chicken egg white proteins using an omics strategy. Journal of Agricultural and Food Chemistry 65, 5357-5364 (2017)."
007,matched-no-open-pdf,2025,Proteomic and N-glycosylation analysis of fertile egg white during storage and incubation in chickens,10.1016/j.psj.2024.104526,https://doi.org/10.1016/j.psj.2024.104526,https://pmc.ncbi.nlm.nih.gov/articles/PMC11635699/pdf/main.pdf,,non-pdf response (text/html; charset=utf-8),"7. D. Dai, X. Wang, K. Wu, F. Lan, J. Jin, W. Zhang, C. Wen, J. Li, N. Yang, C. Sun, Proteomic and N-glycosylation analysis of fertile egg white during storage and incubation in chickens. Poultry Science 104, 104526 (2025)."
008,matched-no-open-pdf,2000,Composition of N-linked carbohydrates from ovalbumin and co-purified glycoproteins,10.1016/s1044-0305(00)00122-7,https://doi.org/10.1016/s1044-0305(00)00122-7,,,Matched DOI but no direct open PDF URL found,"8. D. J. Harvey, M. Rudd, R. A. Bateman, R. H. Bordoli, R. E. Donovan, J. B. Howes, Composition of N-linked carbohydrates from ovalbumin and co-purified glycoproteins. Journal of the American Society for Mass Spectrometry 11, 564-571 (2000)."
009,matched-no-open-pdf,1982,Structural study of the carbohydrate moiety of hen ovomucoid. Occurrence of a series of pentaantennary complex-type asparagine-linked sugar chains.,10.1016/s0021-9258(18)33585-3,https://doi.org/10.1016/s0021-9258(18)33585-3,,,Matched DOI but no direct open PDF URL found,"9. K. Yamashita, T. Tachibana, T. Nakayama, M. Kitamura, Y. Ito, A. Kobata, Structural study of the carbohydrate moiety of hen ovomucoid. Journal of Biological Chemistry 257, 12809-12814 (1982)."
010,matched-no-open-pdf,2004,"Crystal Structure of Ovocleidin-17, a Major Protein of the Calcified Gallus gallus Eggshell",10.1074/jbc.m406033200,https://doi.org/10.1074/jbc.m406033200,,,Matched DOI but no direct open PDF URL found,"10. J. P. Reyes-Grajeda, A. Moreno, A. Romero, Crystal structure of ovocleidin-17, a major protein of the calcified Gallus gallus eggshell. Journal of Biological Chemistry 279, 40876-40881 (2004)."
011,matched-no-open-pdf,2024,Rapid simulation of glycoprotein structures by grafting and steric exclusion of glycan conformer libraries,10.1016/j.cell.2024.01.034,https://doi.org/10.1016/j.cell.2024.01.034,,,Matched DOI but no direct open PDF URL found,"11. Y.-X. Tsai, N.-E. Chang, K. Reuter, H.-T. Chang, T.-J. Yang, S. von Bülow, V. Sehrawat, N. Zerrouki, M. Tuffery, M. Gecht, I. L. Grothaus, L. C. Ciacchi, Y.-S. Wang, M.-F. Hsu, K.-H. Khoo, G. Hummer, S.-T. D. Hsu, C. Hanus, M. Sikora, Rapid simulation of glycoprotein structures by grafting and steric exclusion of glycan conformer libraries. Cell 187, 1296-1311.e26 (2024)."
012,not-found,2018,,,,,,No confident Crossref match,"12. E. Jurrus, D. Engel, K. Star, K. Monson, J. Brandi, L. E. Felberg, D. H. Brookes, L. Wilson, J. Chen, K. Liles, M. Chun, P. Li, D. W. Gohara, T. Dolinsky, R. Konecny, D. R. Koes, J. E. Nielsen, T. Head-Gordon, W. Geng, R. Krasny, G.-W. Wei, M. J. Holst, J. A. McCammon, N. A. Baker, Improvements to the APBS biomolecular solvation software suite. Protein Science 27, 112-128 (2018)."
013,not-found,2009,,,,,,No confident Crossref match,"13. A. Bar, Calcium transport in strongly calcifying laying birds: the role of calbindin and plasma membrane calcium ATPase. Comparative Biochemistry and Physiology Part A: Molecular & Integrative Physiology 152, 447-469 (2009)."
014,downloaded,2021,Functional annotations of three domestic animal genomes provide vital resources for comparative and agricultural research,10.1038/s41467-021-22100-8,https://doi.org/10.1038/s41467-021-22100-8,https://www.nature.com/articles/s41467-021-22100-8.pdf,014_2021_Functional_annotations_of_three_domestic_animal_genomes_provide_vital_resources_for_comparative_and_.pdf,downloaded,"14. C. Kern, Y. Wang, X. Xu, Z. Pan, M. Halstead, G. Chanthavixay, P. Saelao, S. Waters, R. Xiang, A. Chamberlain, I. Korf, M. E. Delany, H. H. Cheng, J. F. Medrano, A. L. V. Eenennaam, C. K. Tuggle, C. Ernst, P. Flicek, G. Quon, P. Ross, H. Zhou, Functional annotations of three domestic animal genomes provide vital resources for comparative and agricultural research. Nature Communications 12, 1821 (2021)."
015,downloaded,2017,The importance of the altricial – precocial spectrum for social complexity in mammals and birds – a review,10.1186/s12983-016-0185-6,https://doi.org/10.1186/s12983-016-0185-6,http://link.springer.com/content/pdf/10.1186/s12983-016-0185-6.pdf,015_2017_The_importance_of_the_altricial_–_precocial_spectrum_for_social_complexity_in_mammals_and_birds_–_a_.pdf,downloaded,"15. I. B. R. Scheiber, B. M. Weiß, S. A. Kingma, J. Komdeur, The importance of the altricial – precocial spectrum for social complexity in mammals and birds – a review. Frontiers in Zoology 14, 3 (2017)."
016,matched-no-open-pdf,2024,Mechanical design principles of avian eggshells for survivability,10.1016/j.actbio.2024.02.036,https://doi.org/10.1016/j.actbio.2024.02.036,,,Matched DOI but no direct open PDF URL found,"16. F. Liu, X. Jiang, Z. Chen, L. Wang, Mechanical design principles of avian eggshells for survivability. Acta Biomaterialia 178, 233-243 (2024)."
017,matched-no-open-pdf,2018,"Nanostructure, osteopontin, and mechanical properties of calcitic avian eggshell",10.1126/sciadv.aar3219,https://doi.org/10.1126/sciadv.aar3219,https://advances.sciencemag.org/content/advances/4/3/eaar3219.full.pdf,,HTTP Error 403: Forbidden,"17. D. Athanasiadou, W. Jiang, D. Goldbaum, A. Saleem, K. S. Bhatt, H. S. Michelmore, R. Marchessault, M. T. Hincke, M. D. McKee, Nanostructure, osteopontin, and mechanical properties of calcitic avian eggshell. Science Advances 4, eaar3219 (2018)."
018,matched-no-open-pdf,2023,Comparative NGlycoproteomic Investigation of Eggshell Cuticle and Mineralized Layer Proteins,10.1021/acs.jafc.3c00708.s002,https://doi.org/10.1021/acs.jafc.3c00708.s002,,,Matched DOI but no direct open PDF URL found,"18. L. Zeng, X. Shi, L. Xuan, J. Zheng, Comparative N-glycoproteomic investigation of eggshell cuticle and mineralized layer proteins. Journal of Agricultural and Food Chemistry 71, 10448-10458 (2023)."
019,matched-no-open-pdf,1999,"Molecular Cloning and Ultrastructural Localization of the Core Protein of an Eggshell Matrix Proteoglycan, Ovocleidin-116",10.1074/jbc.274.46.32915,https://doi.org/10.1074/jbc.274.46.32915,,,Matched DOI but no direct open PDF URL found,"19. M. T. Hincke, Y. Nys, J. Gautron, K. Mann, A. B. Rodríguez-Navarro, M. D. McKee, Molecular cloning and ultrastructural localization of the core protein of an eggshell matrix proteoglycan, ovocleidin-116. Journal of Biological Chemistry 274, 32915-32923 (1999)."
020,matched-no-open-pdf,2015,Amorphous calcium carbonate controls avian eggshell mineralization: A new paradigm for understanding rapid eggshell calcification,10.1016/j.jsb.2015.04.014,https://doi.org/10.1016/j.jsb.2015.04.014,,,Matched DOI but no direct open PDF URL found,"20. A. B. Rodríguez-Navarro, P. Marie, Y. Nys, M. T. Hincke, J. Gautron, Amorphous calcium carbonate controls avian eggshell mineralization: A new paradigm for understanding rapid eggshell calcification. Journal of Structural Biology 190, 291-303 (2015)."
021,matched-no-open-pdf,2002,"Isolation of ovocleidin-116 from chicken eggshells, correction of its amino acid sequence and identification of disulfide bonds and glycosylated Asn",10.1016/s0945-053x(02)00031-8,https://doi.org/10.1016/s0945-053x(02)00031-8,,,Matched DOI but no direct open PDF URL found,"21. K. Mann, M. T. Hincke, Y. Nys, Isolation of ovocleidin-116 from chicken eggshells, correction of its amino acid sequence and identification of disulfide bonds and glycosylated Asn. Matrix Biology 21, 383-387 (2002)."
022,matched-no-open-pdf,2022,"AVONET: morphological, ecological and geographical data for all birds",10.1111/ele.13898,https://doi.org/10.1111/ele.13898,https://portal.findresearcher.sdu.dk/files/199631394/Ecology_Letters_2022_Tobias_AVONET_morphological_ecological_and_geographical_data_for_all_birds.pdf,,HTTP Error 403: Forbidden,"22. J. A. Tobias, C. Sheard, A. L. Pigot, A. J. M. Devenish, J. Yang, F. Sayol, M. H. C. Neate-Clegg, N. Alioravainen, T. L. Weeks, R. A. Barber, P. A. Walkden, H. E. A. MacGregor, S. E. I. Jones, C. Vincent, A. G. Phillips, N. M. Marples, F. A. Montaño-Centellas, V. Leandro-Silva, S. Claramunt, B. Darski, B. G. Freeman, T. P. Bregman, C. R. Cooney, E. C. Hughes, E. J. R. Capp, Z. K. Varley, N. R. Friedman, H. Korntheuer, A. Corrales-Vargas, C. H. Trisos, B. C. Weeks, D. M. Hanz, T. Töpfer, G. A. Bravo, V. Remeš, L. Nowak, L. S. Carneiro, A. J. M. R., B. Matysioková, D. T. Baldassarre, A. Martínez-Salinas, J. D. Wolfe, P. M. Chapman, B. G. Daly, M. C. Sorensen, A. Neu, M. A. Ford, R. J. Mayhew, L. F. Silveira, D. J. Kelly, N. N. D. Annorbah, H. S. Pollock, A. M. Grabowska-Zhang, J. P. McEntee, J. C. T. Gonzalez, C. G. Meneses, M. C. Muñoz, L. L. Powell, G. A. Jamie, T. J. Matthews, O. Johnson, G. R. R. Brito, K. Zyskowski, R. Crates, M. G. Harvey, M. J. Zevallos, P. A. Hosner, T. Bradfer-Lawrence, J. M. Maley, F. G. Stiles, H. S. Lima, K. L. Provost, M. Chibesa, M. Mashao, J. T. Howard, E. Mlamba, M. A. H. Chua, B. Li, M. I. Gómez, N. C. García, M. Päckert, J. Fuchs, J. R. Ali, E. P. Derryberry, M. L. Carlson, R. C. Urriza, K. E. Brzeski, D. M. Prawiradilaga, M. J. Rayner, E. T. Miller, R. C. K. Bowie, R.-M. Lafontaine, R. P. Scofield, Y. Lou, L. Somarathna, D. Lepage, M. Illif, E. L. Neuschulz, M. Templin, D. M. Dehling, J. C. Cooper, O. S. G. Pauwels, K. Analuddin, J. Fjeldså, N. Seddon, P. R. Sweet, F. A. J. DeClerck, L. N. Naka, J. D. Brawn, A. Aleixo, K. Böhning-Gaese, C. Rahbek, S. A. Fritz, G. H. Thomas, M. Schleuning, AVONET: morphological, ecological and geographical data for all birds. Ecology Letters 25, 581-597 (2022)."
023,downloaded,2023,The evolution of nest site use and nest architecture in modern birds and their ancestors,10.1098/rstb.2022.0143,https://doi.org/10.1098/rstb.2022.0143,https://eprints.lancs.ac.uk/id/eprint/203630/1/Mainwaring_et_al_PhilTrans_2023_final_MS.pdf,023_2023_The_evolution_of_nest_site_use_and_nest_architecture_in_modern_birds_and_their_ancestors.pdf,downloaded,"23. M. C. Mainwaring, I. Medina, B. W. Tobalske, I. R. Hartley, D. J. Varricchio, M. E. Hauber, The evolution of nest site use and nest architecture in modern birds and their ancestors. Philosophical Transactions of the Royal Society B: Biological Sciences 378, 20220143 (2023)."
024,matched-no-open-pdf,2015,A comprehensive phylogeny of birds (Aves) using targeted next-generation DNA sequencing,10.1038/nature15697,https://doi.org/10.1038/nature15697,http://www.nature.com/articles/nature15697.pdf,,"non-pdf response (text/html; charset=""utf-8"")","24. R. O. Prum, J. S. Berv, A. Dornburg, D. J. Field, J. P. Townsend, E. M. Lemmon, A. R. Lemmon, A comprehensive phylogeny of birds (Aves) using targeted next-generation DNA sequencing. Nature 526, 569-573 (2015)."
025,matched-no-open-pdf,2014,Whole-genome analyses resolve early branches in the tree of life of modern birds,10.1126/science.1253451,https://doi.org/10.1126/science.1253451,,,Matched DOI but no direct open PDF URL found,"25. E. D. Jarvis, S. Mirarab, A. J. Aberer, B. Li, P. Houde, C. Li, S. Y. W. Ho, B. C. Faircloth, B. Nabholz, J. T. Howard, A. Suh, C. C. Weber, R. R. da Fonseca, J. Li, F. Zhang, H. Li, L. Zhou, N. Narula, L. Liu, G. Ganapathy, B. Boussau, M. S. Bayzid, V. Zavidovych, S. Subramanian, T. Gabaldón, S. Capella-Gutiérrez, J. Huerta-Cepas, B. Rekepalli, K. Munch, M. Schierup, B. Lindow, W. C. Warren, D. Ray, R. E. Green, M. W. Bruford, X. Zhan, A. Dixon, S. Li, N. Li, Y. Huang, E. P. Derryberry, M. F. Bertelsen, F. H. Sheldon, R. T. Brumfield, C. V. Mello, P. V. Lovell, M. Wirthlin, M. P. C. Schneider, F. Prosdocimi, J. A. Samaniego, A. M. V. Velazquez, A. Alfaro-Núñez, P. F. Campos, B. Petersen, T. Sicheritz-Ponten, A. Pas, T. Bailey, P. Scofield, M. Bunce, D. M. Lambert, Q. Zhou, P. Perelman, A. C. Driskell, B. Shapiro, Z. Xiong, Y. Zeng, S. Liu, Z. Li, B. Liu, K. Wu, J. Xiao, X. Yinqi, Q. Zheng, Y. Zhang, H. Yang, J. Wang, L. Smeds, F. E. Rheindt, M. Braun, J. Fjeldsa, L. Orlando, F. K. Barker, K. A. Jønsson, W. Johnson, K.-P. Koepfli, S. O’Brien, D. Haussler, O. A. Ryder, C. Rahbek, E. Willerslev, G. R. Graves, T. C. Glenn, J. McCormack, D. Burt, H. Ellegren, P. Alström, S. V. Edwards, A. Stamatakis, D. P. Mindell, J. Cracraft, E. L. Braun, T. Warnow, W. Jun, M. T. P. Gilbert, G. Zhang, Whole-genome analyses resolve early branches in the tree of life of modern birds. Science 346, 1320-1331 (2014)."
026,matched-no-open-pdf,2019,Comparative study of eggshell antibacterial effectivity in precocial and altricial birds using Escherichia coli,10.1371/journal.pone.0220054,https://doi.org/10.1371/journal.pone.0220054,,,Matched DOI but no direct open PDF URL found,"26. X. Chen, X. Li, Z. He, Z. Hou, G. Xu, N. Yang, J. Zheng, Comparative study of eggshell antibacterial effectivity in precocial and altricial birds using Escherichia coli. PLOS ONE 14, e0220054 (2019)."
027,matched-no-open-pdf,2025,Dietary cholecalciferol and 25-hydroxyvitamin D3 supplementation improved eggshell and bone quality of laying ducks during 60 to 76 weeks of age,10.1016/j.aninu.2025.02.011,https://doi.org/10.1016/j.aninu.2025.02.011,,,Matched DOI but no direct open PDF URL found,"27. Y. Zhang, H. Xia, S. Wang, W. Xia, C. Jin, X. Huang, K. Li, S. Wang, C. Zhang, C. Zheng, W. Chen, Dietary cholecalciferol and 25-hydroxyvitamin D3 supplementation improved eggshell and bone quality of laying ducks during 60 to 76 weeks of age. Animal Nutrition 22, 414-425 (2025)."
028,matched-no-open-pdf,2023,Attaching organic fibers to mineral: The case of the avian eggshell,10.1016/j.isci.2023.108425,https://doi.org/10.1016/j.isci.2023.108425,https://pmc.ncbi.nlm.nih.gov/articles/PMC10687338/pdf/main.pdf,,non-pdf response (text/html; charset=utf-8),"28. D. J. Buss, N. Reznikov, M. D. McKee, Attaching organic fibers to mineral: The case of the avian eggshell. iScience 26, 108425 (2023)."
029,matched-no-open-pdf,2022,Antimicrobial Proteins and Peptides in Avian Eggshell: Structural Diversity and Potential Roles in Biomineralization,10.3389/fimmu.2022.946428,https://doi.org/10.3389/fimmu.2022.946428,,,Matched DOI but no direct open PDF URL found,"29. T. Moreau, J. Gautron, M. T. Hincke, P. Monget, S. Réhault-Godbert, N. Guyot, Antimicrobial Proteins and Peptides in Avian Eggshell: Structural Diversity and Potential Roles in Biomineralization. Frontiers in Immunology 13, 946428 (2022)."
030,matched-no-open-pdf,2024,"Comparative Analysis of the Ultrastructure, Bubble Pores, and Composition of Eggshells of Dwarf Layer-White and Guinea Fowl",10.3390/ani14101496,https://doi.org/10.3390/ani14101496,https://pmc.ncbi.nlm.nih.gov/articles/PMC11117361/pdf/animals-14-01496.pdf,,non-pdf response (text/html; charset=utf-8),"30. Y.-T. Wang, Y.-F. Chen, J.-J. Zhang, Q. Zhang, X.-Y. Zhao, R.-Y. Zhou, H. Chen, D.-H. Wang, Comparative Analysis of the Ultrastructure, Bubble Pores, and Composition of Eggshells of Dwarf Layer-White and Guinea Fowl. Animals 14, 1496 (2024)."
031,matched-no-open-pdf,2024,TMT-based quantitative proteomic analysis reveals eggshell matrix protein changes correlated with eggshell quality in Jing Tint 6 laying hens of different ages,10.1016/j.psj.2024.103463,https://doi.org/10.1016/j.psj.2024.103463,https://pmc.ncbi.nlm.nih.gov/articles/PMC10840124/pdf/main.pdf,,HTTP Error 403: Forbidden,"31. D.-r. Zhao, L.-b. Gao, F. Gong, J. Feng, H.-j. Zhang, S.-g. Wu, J. Wang, Y.-n. Min, TMT-based quantitative proteomic analysis reveals eggshell matrix protein changes correlated with eggshell quality in Jing Tint 6 laying hens of different ages. Poultry Science 103, 103463 (2024)."
032,matched-no-open-pdf,2025,TMT-Based quantitative proteomic analysis reveals age-related changes in eggshell matrix proteins and their correlation with eggshell quality in Xinyang blue-shelled laying hens,10.1016/j.psj.2024.104661,https://doi.org/10.1016/j.psj.2024.104661,,,Matched DOI but no direct open PDF URL found,"32. Y. Fu, D.-r. Zhao, L.-b. Gao, H.-j. Zhang, J. Feng, Y.-n. Min, G.-h. Qi, J. Wang, TMT-Based quantitative proteomic analysis reveals age-related changes in eggshell matrix proteins and their correlation with eggshell quality in Xinyang blue-shelled laying hens. Poultry Science 104, 104661 (2025)."
033,matched-no-open-pdf,2025,Proteomic changes in extracellular vesicle and uterine fluid proteins correlated with eggshell quality in aged laying hens,10.1016/j.psj.2025.105939,https://doi.org/10.1016/j.psj.2025.105939,,,Matched DOI but no direct open PDF URL found,"33. L.-b. Gao, Y. Fu, Y.-t. Guo, H.-j. Zhang, G.-h. Qi, J. Wang, Proteomic changes in extracellular vesicle and uterine fluid proteins correlated with eggshell quality in aged laying hens. Poultry Science 104, 105939 (2025)."
034,matched-no-open-pdf,2025,The characterization of uterine calcium transport and metabolism during eggshell calcification of hens laying high or low breaking strength eggshell,10.1016/j.psj.2025.105111,https://doi.org/10.1016/j.psj.2025.105111,,,Matched DOI but no direct open PDF URL found,"34. Y.-y. Yang, D. Dai, H.-j. Zhang, S.-g. Wu, G.-h. Qi, J. Wang, The characterization of uterine calcium transport and metabolism during eggshell calcification of hens laying high or low breaking strength eggshell. Poultry Science 104, 105111 (2025)."
035,downloaded,2025,Transcriptome-based analysis reveals relationship between duck eggshell color and eggshell strength,10.1186/s12864-025-11452-w,https://doi.org/10.1186/s12864-025-11452-w,https://link.springer.com/content/pdf/10.1186/s12864-025-11452-w.pdf,035_2025_Transcriptome-based_analysis_reveals_relationship_between_duck_eggshell_color_and_eggshell_strength.pdf,downloaded,"35. L. Wang, H. Liu, S. Yu, M. Lu, Y. Zhang, S. Wang, S. Hou, Transcriptome-based analysis reveals relationship between duck eggshell color and eggshell strength. BMC Genomics 26, 410 (2025)."
036,matched-no-open-pdf,2024,Eggshell Quality Traits and Transcriptome Gene Screening Between Yunnong and Jingfen Chicken Breeds,10.3390/biology13121048,https://doi.org/10.3390/biology13121048,https://pmc.ncbi.nlm.nih.gov/articles/PMC11673107/pdf/biology-13-01048.pdf,,HTTP Error 403: Forbidden,"36. Z. Li, H. Wu, J. Fu, M. Mushtaq, M. Khan, Y. Liu, Z. Azeem, H. Shi, Y. He, R. Zhang, M. A. U. Rahman, J. Kang, C. Ge, K. Wang, Eggshell Quality Traits and Transcriptome Gene Screening Between Yunnong and Jingfen Chicken Breeds. Biology 13, 1048 (2024)."
037,matched-no-open-pdf,2026,Ultrastructural changes in eggshell during incubation: mechanisms and implications,10.1016/j.psj.2025.106314,https://doi.org/10.1016/j.psj.2025.106314,,,Matched DOI but no direct open PDF URL found,"37. G. Rayan, M. Fathi, Ultrastructural changes in eggshell during incubation: mechanisms and implications. Poultry Science 105, 106314 (2026)."
038,matched-no-open-pdf,2017,Nature's technical ceramic: the avian eggshell,10.1098/rsif.2016.0804,https://doi.org/10.1098/rsif.2016.0804,https://royalsocietypublishing.org/doi/pdf/10.1098/rsif.2016.0804,,HTTP Error 403: Forbidden,"38. E. N. Hahn, V. R. Sherman, A. Pissarenko, S. D. Rohrbach, D. J. Fernandes, M. A. Meyers, Nature's technical ceramic: the avian eggshell. Journal of The Royal Society Interface 14, 20160804 (2017)."
039,matched-no-open-pdf,2021,Climate variability and parent nesting strategies influence gas exchange across avian eggshells,10.1098/rspb.2021.0823,https://doi.org/10.1098/rspb.2021.0823,https://royalsocietypublishing.org/doi/pdf/10.1098/rspb.2021.0823,,HTTP Error 403: Forbidden,"39. M. R. G. Attard, S. J. Portugal, Climate variability and parent nesting strategies influence gas exchange across avian eggshells. Proceedings of the Royal Society B: Biological Sciences 288, 20210823 (2021)."
040,matched-no-open-pdf,2021,"Eggshell structure in Apteryx: Form, Function, and Adaptation",10.22541/au.160027528.87752141,https://doi.org/10.22541/au.160027528.87752141,,,Matched DOI but no direct open PDF URL found,"40. D. Vieco-Galvez, I. Castro, P. C. H. Morel, W. H. Chua, M. Loh, The eggshell structure in apteryx; form, function, and adaptation. Ecology and Evolution 11, 3184-3202 (2021)."
041,matched-no-open-pdf,2025,Scratching beyond the surface: examining macroecological patterns in avian eggshell texture,10.1098/rsif.2024.0527,https://doi.org/10.1098/rsif.2024.0527,https://oro.open.ac.uk/107346/1/rsif.2024.0527.pdf,,HTTP Error 403: Forbidden,"41. M. R. G. Attard, J. Bowen, S. J. Portugal, Scratching beyond the surface: examining macroecological patterns in avian eggshell texture. Journal of The Royal Society Interface 22, 20240527 (2025)."
042,matched-no-open-pdf,2024,Enhanced Surface Accessibility of SARS-CoV-2 Omicron Spike Protein Due to an Altered Glycosylation Profile,10.1021/acsinfecdis.4c00015,https://doi.org/10.1021/acsinfecdis.4c00015,https://pmc.ncbi.nlm.nih.gov/articles/PMC11184558/pdf/id4c00015.pdf,,non-pdf response (text/html; charset=utf-8),"42. D. Wang, Z. Zhang, J. Baudys, C. Haynes, S. H. Osman, B. Zhou, J. R. Barr, J. C. Gumbart, Enhanced Surface Accessibility of SARS-CoV-2 Omicron Spike Protein Due to an Altered Glycosylation Profile. ACS Infectious Diseases 10, 2032-2046 (2024)."
043,matched-no-open-pdf,2024,Water–glycan interactions drive the SARS-CoV-2 spike dynamics: insights into glycan-gate control and camouflage mechanisms,10.1039/d4sc04364b,https://doi.org/10.1039/d4sc04364b,https://pmc.ncbi.nlm.nih.gov/articles/PMC11359970/pdf/SC-015-D4SC04364B.pdf,,non-pdf response (text/html; charset=utf-8),"43. M. Blazhynska, L. Lagardère, C. Liu, O. Adjoua, P. Ren, J.-P. Piquemal, Water–glycan interactions drive the SARS-CoV-2 spike dynamics: insights into glycan-gate control and camouflage mechanisms. Chemical Science 15, 14177-14187 (2024)."
044,downloaded,2020,Beyond Shielding: The Roles of Glycans in the SARS-CoV-2 Spike Protein,10.1021/acscentsci.0c01056,https://doi.org/10.1021/acscentsci.0c01056,https://mural.maynoothuniversity.ie/15012/1/EF_beyond%20shielding.pdf,044_2020_Beyond_Shielding__The_Roles_of_Glycans_in_the_SARS-CoV-2_Spike_Protein.pdf,downloaded,"44. L. Casalino, Z. Gaieb, J. A. Goldsmith, C. K. Hjorth, A. C. Dommer, A. M. Harbison, C. A. Fogarty, E. P. Barros, B. C. Taylor, J. S. McLellan, E. Fadda, R. E. Amaro, Beyond Shielding: The Roles of Glycans in the SARS-CoV-2 Spike Protein. ACS Central Science 6, 1722-1734 (2020)."
045,downloaded,2020,Analysis of the SARS-CoV-2 spike protein glycan shield reveals implications for immune recognition,10.1038/s41598-020-71748-7,https://doi.org/10.1038/s41598-020-71748-7,https://www.nature.com/articles/s41598-020-71748-7.pdf,045_2020_Analysis_of_the_SARS-CoV-2_spike_protein_glycan_shield_reveals_implications_for_immune_recognition.pdf,downloaded,"45. O. C. Grant, D. Montgomery, K. Ito, R. J. Woods, Analysis of the SARS-CoV-2 spike protein glycan shield reveals implications for immune recognition. Scientific Reports 10, 14991 (2020)."
046,matched-no-open-pdf,2020,Vulnerabilities in coronavirus glycan shields despite extensive glycosylation,10.1038/s41467-020-16567-0,https://doi.org/10.1038/s41467-020-16567-0,https://www.nature.com/articles/s41467-020-16567-0.pdf,,"HTTP Error 303: The HTTP server returned a redirect error that would lead to an infinite loop.
The last 30x error message was:
See Other","46. Y. Watanabe, Z. T. Berndsen, J. Raghwani, G. E. Seabright, J. D. Allen, O. G. Pybus, J. S. McLellan, I. A. Wilson, T. A. Bowden, A. B. Ward, M. Crispin, Vulnerabilities in coronavirus glycan shields despite extensive glycosylation. Nature Communications 11, 2688 (2020)."
047,matched-no-open-pdf,2024,Integrated landscape of chicken egg chalaza proteomics,10.1016/j.psj.2024.103629,https://doi.org/10.1016/j.psj.2024.103629,https://pmc.ncbi.nlm.nih.gov/articles/PMC10978523/pdf/main.pdf,,HTTP Error 403: Forbidden,"47. J. Pu, J. Hu, J. Xiao, S. Li, B. Wang, J. Wang, F. Geng, Integrated landscape of chicken egg chalaza proteomics. Poultry Science 103, 103629 (2024)."
048,matched-no-open-pdf,2020,A puzzle piece of protein N-glycosylation in chicken egg: N-glycoproteome of chicken egg vitelline membrane,10.1016/j.ijbiomac.2020.08.193,https://doi.org/10.1016/j.ijbiomac.2020.08.193,,,Matched DOI but no direct open PDF URL found,"48. J. Xiao, J. Wang, L. Cheng, S. Gao, S. Li, N. Qiu, H. Li, L. Peng, F. Geng, A puzzle piece of protein N-glycosylation in chicken egg: N-glycoproteome of chicken egg vitelline membrane. International Journal of Biological Macromolecules 164, 3125-3132 (2020)."
049,matched-no-open-pdf,2018,Advances in mass spectrometry‐based glycoproteomics,10.1002/elps.201800272,https://doi.org/10.1002/elps.201800272,https://onlinelibrary.wiley.com/doi/pdf/10.1002/elps.201800272,,HTTP Error 403: Forbidden,"49. A. Yu, J. Zhao, W. Peng, A. Banazadeh, S. D. Williamson, M. Goli, Y. Huang, Y. Mechref, Advances in mass spectrometry‐based glycoproteomics. ELECTROPHORESIS 39, 3104-3122 (2018)."
050,matched-no-open-pdf,2017,Recent advances in mass spectrometric analysis of glycoproteins,10.1002/elps.201600357,https://doi.org/10.1002/elps.201600357,https://api.wiley.com/onlinelibrary/tdm/v1/articles/10.1002%2Felps.201600357,,HTTP Error 400: No TDM Client Token was found in the request,"50. A. Banazadeh, L. Veillon, K. M. Wooding, M. Zabet-moghaddam, Y. Mechref, Recent advances in mass spectrometric analysis of glycoproteins. ELECTROPHORESIS 38, 162-189 (2017)."
051,downloaded,2016,Highly Selective Enrichment of Glycopeptides Based on Zwitterionically Functionalized Soluble Nanopolymers,10.1038/srep29776,https://doi.org/10.1038/srep29776,https://www.nature.com/articles/srep29776.pdf,051_2016_Highly_Selective_Enrichment_of_Glycopeptides_Based_on_Zwitterionically_Functionalized_Soluble_Nanopo.pdf,downloaded,"51. W. Cao, J. Huang, B. Jiang, X. Gao, P. Yang, Highly Selective Enrichment of Glycopeptides Based on Zwitterionically Functionalized Soluble Nanopolymers. Scientific Reports 6, 29776 (2016)."
052,matched-no-open-pdf,2025,Research Progress on Genetic Factors of Poultry Egg Quality: A Review,10.3390/ani15243652,https://doi.org/10.3390/ani15243652,,,Matched DOI but no direct open PDF URL found,"52. L. Yang, Y. Yang, Y. Jing, M. Zhang, M. Zhang, S. Zhang, C. Qi, W. Ma, M. Z. Khan, M. Zhu, Research Progress on Genetic Factors of Poultry Egg Quality: A Review. Animals 15, 3652 (2025)."
053,matched-no-open-pdf,2023,"A Comparative Study on the Microstructures, Mineral Content, and Mechanical Properties of Non-Avian Reptilian Eggshells",10.3390/biology12050688,https://doi.org/10.3390/biology12050688,https://pmc.ncbi.nlm.nih.gov/articles/PMC10215611/pdf/biology-12-00688.pdf,,HTTP Error 403: Forbidden,"53. H. J. Wu, Y. C. Tseng, S. H. Tsao, P. L. Chiang, W. Y. Tai, H. I. Hsieh, H. T. Yu, J. Y. Juang, A Comparative Study on the Microstructures, Mineral Content, and Mechanical Properties of Non-Avian Reptilian Eggshells. Biology 12, 688 (2023)."
054,matched-no-open-pdf,2021,Egg Incubation Mechanics of Giant Birds,10.3390/biology10080738,https://doi.org/10.3390/biology10080738,,,Matched DOI but no direct open PDF URL found,"54. A. Yen, H. J. Wu, P. Y. Chen, H. T. Yu, J. Y. Juang, Egg Incubation Mechanics of Giant Birds. Biology 10, 738 (2021)."
055,matched-no-open-pdf,2024,N-glycoproteomic profiling reveals structural and functional alterations in yellow primary preserved egg white under saline-alkali treatment,10.1016/j.fochx.2024.101244,https://doi.org/10.1016/j.fochx.2024.101244,https://pmc.ncbi.nlm.nih.gov/articles/PMC10900575/pdf/main.pdf,,HTTP Error 403: Forbidden,"55. Q. Qi, D. Shi, W. Su, Y. Mu, N-glycoproteomic profiling reveals structural and functional alterations in yellow primary preserved egg white under saline-alkali treatment. Food Chemistry: X 21, 101244 (2024)."
056,matched-no-open-pdf,2025,Analysis of carbohydrates and glycoconjugates by matrix‐assisted laser desorption/ionization mass spectrometry: An update for 2021–2022,10.1002/mas.21873,https://doi.org/10.1002/mas.21873,,,Matched DOI but no direct open PDF URL found,"56. D. J. Harvey, Analysis of carbohydrates and glycoconjugates by matrix‐assisted laser desorption/ionization mass spectrometry: An update for 2021–2022. Mass Spectrometry Reviews 44, 213-453 (2025)."
057,matched-no-open-pdf,2026,Shell gland RNA-seq reveals key genes regulating eggshell quality and potential links between eggshell quality and hatchability across different laying stages,10.1016/j.psj.2026.106483,https://doi.org/10.1016/j.psj.2026.106483,,,Matched DOI but no direct open PDF URL found,"57. C. Zhang, R. Cao, S. Wei, S. Wang, Z. Cai, J. Shi, Y. Lei, K. Wang, Y. Tian, G. Sun, X. Kang, W. Li, Shell gland RNA-seq reveals key genes regulating eggshell quality and potential links between eggshell quality and hatchability across different laying stages. Poultry Science 105, 106483 (2026)."
058,matched-no-open-pdf,2013,High-sensitivity Analytical Approaches for the Structural Characterization of Glycoproteins,10.1021/cr3003714,https://doi.org/10.1021/cr3003714,,,Matched DOI but no direct open PDF URL found,"58. W. R. Alley, B. F. Mann, M. V. Novotny, High-sensitivity Analytical Approaches for the Structural Characterization of Glycoproteins. Chemical Reviews 113, 2668-2732 (2013)."
059,matched-no-open-pdf,2017,"Nanotechnology in Glycomics: Applications in Diagnostics, Therapy, Imaging, and Separation Processes",10.1002/med.21420,https://doi.org/10.1002/med.21420,https://api.wiley.com/onlinelibrary/tdm/v1/articles/10.1002%2Fmed.21420,,HTTP Error 400: No TDM Client Token was found in the request,"59. E. Dosekova, J. Filip, T. Bertok, P. Both, P. Kasak, J. Tkac, Nanotechnology in Glycomics: Applications in Diagnostics, Therapy, Imaging, and Separation Processes. Medicinal Research Reviews 37, 514-626 (2017)."
060,matched-no-open-pdf,2022,Synthesis of glycopeptides and glycopeptide conjugates,10.1039/d2ob00829g,https://doi.org/10.1039/d2ob00829g,,,Matched DOI but no direct open PDF URL found,"60. W. Doelman, S. I. van Kasteren, Synthesis of glycopeptides and glycopeptide conjugates. Organic & Biomolecular Chemistry 20, 6487-6507 (2022)."
061,downloaded,2023,Structural insights into the modulation of coronavirus spike tilting and infectivity by hinge glycans,10.1038/s41467-023-42836-9,https://doi.org/10.1038/s41467-023-42836-9,https://www.nature.com/articles/s41467-023-42836-9.pdf,061_2023_Structural_insights_into_the_modulation_of_coronavirus_spike_tilting_and_infectivity_by_hinge_glycan.pdf,downloaded,"61. D. Chmielewski, E. A. Wilson, G. Pintilie, P. Zhao, M. Chen, M. F. Schmid, G. Simmons, L. Wells, J. Jin, A. Singharoy, W. Chiu, Structural insights into the modulation of coronavirus spike tilting and infectivity by hinge glycans. Nature Communications 14, 7175 (2023)."
062,downloaded,2023,"Use of lactulose as a prebiotic in laying hens: its effect on growth, egg production, egg quality, blood biochemistry, digestive enzymes, gene expression and intestinal morphology",10.1186/s12917-023-03741-x,https://doi.org/10.1186/s12917-023-03741-x,https://link.springer.com/content/pdf/10.1186/s12917-023-03741-x.pdf,"062_2023_Use_of_lactulose_as_a_prebiotic_in_laying_hens__its_effect_on_growth,_egg_production,_egg_quality,_b.pdf",downloaded,"62. H. S. Elkomy, I. I. Koshich, S. F. Mahmoud, M. I. Abo-Samaha, Use of lactulose as a prebiotic in laying hens: its effect on growth, egg production, egg quality, blood biochemistry, digestive enzymes, gene expression and intestinal morphology. BMC Veterinary Research 19, 207 (2023)."
063,downloaded,2023,Variations within the Glycan Shield of SARS-CoV-2 Impact Viral Spike Dynamics,10.1016/j.jmb.2022.167928,https://doi.org/10.1016/j.jmb.2022.167928,https://eprints.soton.ac.uk/474406/1/1_s2.0_S0022283622005551_main.pdf,063_2023_Variations_within_the_Glycan_Shield_of_SARS-CoV-2_Impact_Viral_Spike_Dynamics.pdf,downloaded,"63. M. L. Newby, C. A. Fogarty, J. D. Allen, J. Butler, E. Fadda, M. Crispin, Variations within the Glycan Shield of SARS-CoV-2 Impact Viral Spike Dynamics. Journal of Molecular Biology 435, 167928 (2023)."
064,matched-no-open-pdf,2024,Osteoproductivity of Injectable Bone Grafts with and without Ostrich Eggshell Membrane Protein in Rabbit Femur,10.3390/jfb15070201,https://doi.org/10.3390/jfb15070201,https://pmc.ncbi.nlm.nih.gov/articles/PMC11277672/pdf/jfb-15-00201.pdf,,non-pdf response (text/html; charset=utf-8),"64. Z. O. Cengiz, E. Durmus, I. Celik, A. Aktı, Osteoproductivity of Injectable Bone Grafts with and without Ostrich Eggshell Membrane Protein in Rabbit Femur. Journal of Functional Biomaterials 15, 201 (2024)."
065,downloaded,2024,Restoring protein glycosylation with GlycoShape,10.1038/s41592-024-02464-7,https://doi.org/10.1038/s41592-024-02464-7,https://eprints.soton.ac.uk/500247/1/s41592-024-02464-7.pdf,065_2024_Restoring_protein_glycosylation_with_GlycoShape.pdf,downloaded,"65. C. M. Ives, O. Singh, S. D’Andrea, C. A. Fogarty, A. M. Harbison, A. Satheesan, B. Tropea, E. Fadda, Restoring protein glycosylation with GlycoShape. Nature Methods 21, 2117-2127 (2024)."
066,downloaded,2025,A library of avian proteins improves palaeoproteomic taxonomic identification and reveals widespread intraspecies variability,10.1038/s41467-025-63886-1,https://doi.org/10.1038/s41467-025-63886-1,https://www.nature.com/articles/s41467-025-63886-1.pdf,066_2025_A_library_of_avian_proteins_improves_palaeoproteomic_taxonomic_identification_and_reveals_widespread.pdf,downloaded,"66. M. C. Codlin, L. Yeomans, J. Stiller, B. Demarchi, A library of avian proteins improves palaeoproteomic taxonomic identification and reveals widespread intraspecies variability. Nature Communications 16, 8820 (2025)."
067,matched-no-open-pdf,2025,Amyloid-induced mineralization: From biological systems to biomimetic materials,10.1016/j.bioactmat.2025.04.036,https://doi.org/10.1016/j.bioactmat.2025.04.036,,,Matched DOI but no direct open PDF URL found,"67. C. Zhang, Y. Zhang, M. Zhu, C. Zhang, D. Lu, J. Jiang, Z. Wang, P. Deng, Y. Qian, M. Shen, Q. Chen, Amyloid-induced mineralization: From biological systems to biomimetic materials. Bioactive Materials 51, 469-493 (2025)."
068,downloaded,2025,Modular design of biomimetic electrospun keratin composites for tunable gaseous sorption inspired by reptile eggshells,10.1016/j.mtbio.2025.102032,https://doi.org/10.1016/j.mtbio.2025.102032,https://biblio.ugent.be/publication/01JZHTVH49RDCBMYYFDVQK615P/file/01JZQ516RSFPM4E5GAASQRRBZ3.pdf,068_2025_Modular_design_of_biomimetic_electrospun_keratin_composites_for_tunable_gaseous_sorption_inspired_by.pdf,downloaded,"68. Y. Maudens, G. Debruyn, E. Loccufier, L. Daelemans, E. Savino, C. Tonetti, C. Vineis, A. Varesano, M. D. Shawkey, L. D'Alba, K. De Clerck, Modular design of biomimetic electrospun keratin composites for tunable gaseous sorption inspired by reptile eggshells. Materials Today Bio 33, 102032 (2025)."
069,matched-no-open-pdf,2025,Research Progress on Non-Destructive Testing Technology and Equipment for Poultry Eggshell Quality,10.3390/foods14132223,https://doi.org/10.3390/foods14132223,,,Matched DOI but no direct open PDF URL found,"69. Q. Wang, Z. Yang, C. Liu, R. Sun, S. Yue, Research Progress on Non-Destructive Testing Technology and Equipment for Poultry Eggshell Quality. Foods 14, 2223 (2025)."
070,matched-no-open-pdf,2025,Screening of functional genes affecting the quality of translucent eggshell membranes based on RNA-seq analysis and DIA proteomics,10.3389/fvets.2025.1583291,https://doi.org/10.3389/fvets.2025.1583291,,,Matched DOI but no direct open PDF URL found,"70. C. H. Han, X. Y. Zhao, C. W. Wang, L. J. Xu, H. G. Liu, H. Chen, R. Y. Zhou, D. H. Wang, Screening of functional genes affecting the quality of translucent eggshell membranes based on RNA-seq analysis and DIA proteomics. Frontiers in Veterinary Science 12, 1583291 (2025)."
071,matched-no-open-pdf,2026,Computational Design and Glycoengineering of Interferon‐Lambda for Nasal Prophylaxis Against Respiratory Viruses,10.1002/advs.202506764,https://doi.org/10.1002/advs.202506764,https://advanced.onlinelibrary.wiley.com/doi/pdf/10.1002/advs.202506764,,HTTP Error 403: Forbidden,"71. J. Yun, S. Yang, J. H. Kwon, L. F. Vecchietti, J. H. Choi, M. R. Choi, K. B. Ku, H. J. Ro, K. D. Kim, M. Cha, H. J. Chung, J. E. Oh, H. M. Kim, Computational Design and Glycoengineering of Interferon‐Lambda for Nasal Prophylaxis Against Respiratory Viruses. Advanced Science 13, e06764 (2026)."
072,matched-no-open-pdf,2026,Host Glycan–Lectin Interplay in SARS-CoV-2 Infection,10.3390/ijms27031608,https://doi.org/10.3390/ijms27031608,,,Matched DOI but no direct open PDF URL found,"72. H. Oh, V. Thi Thuy Tien, S. Ahmed, J. Choi, K. J. Ryu, J. Yang, Host Glycan–Lectin Interplay in SARS-CoV-2 Infection. International Journal of Molecular Sciences 27, 1608 (2026)."
073,matched-no-open-pdf,2024,The Chicken Egg: An Advanced Material for Tissue Engineering,10.3390/biom14040439,https://doi.org/10.3390/biom14040439,https://pmc.ncbi.nlm.nih.gov/articles/PMC11048217/pdf/biomolecules-14-00439.pdf,,non-pdf response (text/html; charset=utf-8),"73. Y. Zhang, H. M. Pham, S. D. Tran, The Chicken Egg: An Advanced Material for Tissue Engineering. Biomolecules 14, 439 (2024)."
074,matched-no-open-pdf,2025,Advances in Genomics and Postgenomics in Poultry Science: Current Achievements and Future Directions,10.3390/ijms26178285,https://doi.org/10.3390/ijms26178285,,,Matched DOI but no direct open PDF URL found,"74. I. Gilyazova, G. Korytina, O. Kochetova, O. Savelieva, E. Mikhaylova, Z. Vershinina, A. Chumakova, V. Markelov, G. Abdeeva, A. Karunas, E. Khusnutdinova, O. Gusev, Advances in Genomics and Postgenomics in Poultry Science: Current Achievements and Future Directions. International Journal of Molecular Sciences 26, 8285 (2025)."
075,matched-no-open-pdf,2024,Archaeological and molecular evidence for ancient chickens in Central Asia,10.1038/s41467-024-46093-2,https://doi.org/10.1038/s41467-024-46093-2,https://pmc.ncbi.nlm.nih.gov/articles/PMC10987595/pdf/41467_2024_Article_46093.pdf,,non-pdf response (text/html; charset=utf-8),"75. C. Peters, K. K. Richter, S. Wilkin, S. Stark, B. Mir-Makhamad, R. Fernandes, F. Maksudov, S. Mirzaakhmedov, H. Rahmonov, S. Schirmer, K. Ashastina, A. Begmatov, M. Frachetti, S. Kurbanov, M. Shenkar, T. Hermes, F. Kidd, A. Omelchenko, B. Huber, N. Boivin, S. Wang, P. Lurje, M. von Baeyer, R. Dal Martello, R. N. Spengler, Archaeological and molecular evidence for ancient chickens in Central Asia. Nature Communications 15, 2697 (2024)."
076,matched-no-open-pdf,2026,Evolution of the Chick Embryo Chorioallantoic Membrane Proteome during Early Development,10.1021/acsomega.5c10968,https://doi.org/10.1021/acsomega.5c10968,https://pubs.acs.org/doi/pdf/10.1021/acsomega.5c10968,,HTTP Error 403: Forbidden,"76. S. Ali, T. A. E. Ahmed, A. Shrestha, M. T. Hincke, Evolution of the Chick Embryo Chorioallantoic Membrane Proteome during Early Development. ACS Omega 11, 2128-2141 (2026)."
077,matched-no-open-pdf,2025,Interaction Between Heparan Sulfate Oligosaccharide and the Receptor-Binding Domain of the Wild-Type and Omicron Variant of the SARS-CoV-2 Spike Protein,10.3390/biom15091343,https://doi.org/10.3390/biom15091343,,,Matched DOI but no direct open PDF URL found,"77. M. Mandalari, M. Parafioriti, M. Ni, F. Benevelli, M. Civera, S. Elli, M. Guerrini, Interaction Between Heparan Sulfate Oligosaccharide and the Receptor-Binding Domain of the Wild-Type and Omicron Variant of the SARS-CoV-2 Spike Protein. Biomolecules 15, 1343 (2025)."
078,downloaded,2025,"Structure, function, and implications of fucosyltransferases in health and disease",10.1038/s41467-025-66871-w,https://doi.org/10.1038/s41467-025-66871-w,https://curis.ku.dk/ws/files/529512521/s41467-025-66871-w.pdf,"078_2025_Structure,_function,_and_implications_of_fucosyltransferases_in_health_and_disease.pdf",downloaded,"78. M. Ghirardello, I. Yruela, P. Merino, R. Sackstein, I. Sanz-Martínez, R. Hurtado-Guerrero, Structure, function, and implications of fucosyltransferases in health and disease. Nature Communications 16, 11279 (2025)."
079,matched-no-open-pdf,2025,Mitigating Mucoadhesion of β–Cyclodextrins via PEGylation: Insights from 19F Diffusion NMR Analysis,10.3390/ijms262311690,https://doi.org/10.3390/ijms262311690,,,Matched DOI but no direct open PDF URL found,"79. K. T. H. Nguyen, Y. Ba, Mitigating Mucoadhesion of β–Cyclodextrins via PEGylation: Insights from 19F Diffusion NMR Analysis. International Journal of Molecular Sciences 26, 11690 (2025)."
080,matched-no-open-pdf,2021,Cognizance of posttranslational modifications in vaccines: A way to enhanced immunogenicity,10.1002/jcp.30483,https://doi.org/10.1002/jcp.30483,https://onlinelibrary.wiley.com/doi/pdf/10.1002/jcp.30483,,HTTP Error 403: Forbidden,"80. R. Ojha, V. K. Prajapati, Cognizance of posttranslational modifications in vaccines: A way to enhanced immunogenicity. Journal of Cellular Physiology 236, 8020-8034 (2021)."
081,not-found,2020,,,,,,No confident Crossref match,"81. Y. Xia, Z. Ma, M. Qiu, B. Guo, Q. Zhang, H. Jiang, B. Zhang, Y. Lin, M. Xuan, L. Sun, H. Shu, J. Xiao, W. Ye, Y. Wang, Y. Wang, S. Dong, B. M. Tyler, Y. Wang, N-glycosylation shields Phytophthora sojae apoplastic effector PsXEG1 from a specific host aspartic protease. Proceedings of the National Academy of Sciences 117, 27685-27693 (2020)."
082,matched-no-open-pdf,2009,"Loss of teeth and enamel in tetrapods: fossil record, genetic data and morphological adaptations",10.1111/j.1469-7580.2009.01060.x,https://doi.org/10.1111/j.1469-7580.2009.01060.x,,,Matched DOI but no direct open PDF URL found,"82. T. Davit-Béal, A. S. Tucker, J.-Y. Sire, Loss of teeth and enamel in tetrapods: fossil record, genetic data and morphological adaptations. Journal of Anatomy 214, 477-501 (2009)."
083,matched-no-open-pdf,2023,Getting out of a mammalian egg: the egg tooth and caruncle of the echidna,10.1016/j.ydbio.2022.12.005,https://doi.org/10.1016/j.ydbio.2022.12.005,,,Matched DOI but no direct open PDF URL found,"83. J. C. Fenelon, A. Bennetts, N. Anthwal, et al., Getting out of a mammalian egg: the egg tooth and caruncle of the echidna. Developmental Biology 493 (2023)."
084,matched-no-open-pdf,2007,An “egg-tooth”–like structure in titanosaurian sauropod embryos,10.1671/0272-4634(2007)27[247:aesits]2.0.co;2,https://doi.org/10.1671/0272-4634(2007)27[247:aesits]2.0.co;2,,,Matched DOI but no direct open PDF URL found,"84. R. A. García, An 'egg-tooth'-like structure in titanosaurian sauropod embryos. Journal of Vertebrate Paleontology 27, 247-252 (2007)."
085,matched-no-open-pdf,2020,"Do all geckos hatch in the same way? Histological and
                    <scp>3D</scp>
                    studies of egg tooth morphogenesis in the geckos
                    <scp>
                      <i>Eublepharis macularius</i>
                    </scp>
                    Blyth 1854 and
                    <scp>
                      <i>Lepidodactylus lugubris</i>
                    </scp>
                    Duméril &amp; Bibron 1836",10.1002/jmor.21249,https://doi.org/10.1002/jmor.21249,https://onlinelibrary.wiley.com/doi/pdf/10.1002/jmor.21249,,HTTP Error 403: Forbidden,"85. M. Hermyt, B. Metscher, W. Rupik, Do all geckos hatch in the same way? Histological and 3D studies of egg tooth morphogenesis in the geckos Eublepharis macularius and Lepidodactylus lugubris. Journal of Morphology 281 (2020)."
