query_acc	query_name	query_len	subject_db	subject_acc	subject_name	subject_len	score	pct_identity	evalue	q_start	q_end	s_start	s_end
A0A1D5PMF7	A0A1D5PMF7_CHICK Spondin-1	732	GlyGallus	A0A1D5PMF7	A0A1D5PMF7_CHICK Spondin-1	732	4033.0	100.0	0.00e+00	1	732	1	732
A0A1D5PT25	A0A1D5PT25_CHICK Bactericidal permeability-increasing protein	469	GlyGallus	A0A1D5PT25	A0A1D5PT25_CHICK Bactericidal permeability-increasing protein	469	2393.0	100.0	3.22e-272	1	469	1	469
A0A1D5PT25	A0A1D5PT25_CHICK Bactericidal permeability-increasing protein	469	GlyGallus	A0A8V0YYJ3	A0A8V0YYJ3_CHICK Lipid-binding serum glycoprotein C-terminal domain-containing protein	469	207.0	23.0	9.74e-19	4	461	14	458
A0A1D5PZ68	A0A1D5PZ68_CHICK Semaphorin-3C	751	GlyGallus	A0A1D5PZ68	A0A1D5PZ68_CHICK Semaphorin-3C	751	4002.0	100.0	0.00e+00	1	751	1	751
A0A1D5PZ68	A0A1D5PZ68_CHICK Semaphorin-3C	751	GlyGallus	A0A8V1AC48	A0A8V1AC48_CHICK Semaphorin 3G	761	1606.0	46.3	9.32e-181	21	709	18	714
A0A3Q2TZZ7	A0A3Q2TZZ7_CHICK Receptor-type tyrosine-protein phosphatase F	1904	GlyGallus	A0A3Q2TZZ7	A0A3Q2TZZ7_CHICK Receptor-type tyrosine-protein phosphatase F	1904	9968.0	100.0	0.00e+00	1	1904	1	1904
A0A3Q2TZZ7	A0A3Q2TZZ7_CHICK Receptor-type tyrosine-protein phosphatase F	1904	GlyGallus	A0A8V0YDD6	A0A8V0YDD6_CHICK Fibronectin	2392	394.0	21.9	8.18e-40	190	1255	614	1701
A0A3Q2TZZ7	A0A3Q2TZZ7_CHICK Receptor-type tyrosine-protein phosphatase F	1904	GlyGallus	A0A8V0Z3S9	A0A8V0Z3S9_CHICK Basement membrane-specific heparan sulfate proteoglycan core protein	4167	237.0	28.0	1.31e-21	48	338	3208	3470
A0A3Q3ADW5	A0A3Q3ADW5_CHICK EGF like repeats and discoidin domains 3	480	GlyGallus	A0A3Q3ADW5	A0A3Q3ADW5_CHICK EGF like repeats and discoidin domains 3	480	2663.0	100.0	1.62e-303	1	480	1	480
A0A3Q3ADW5	A0A3Q3ADW5_CHICK EGF like repeats and discoidin domains 3	480	GlyGallus	A0A8V0YV77	A0A8V0YV77_CHICK HGF activator	583	143.0	27.7	2.63e-11	24	143	98	243
A0A3Q3ADW5	A0A3Q3ADW5_CHICK EGF like repeats and discoidin domains 3	480	GlyGallus	A0A8V0Z3S9	A0A8V0Z3S9_CHICK Basement membrane-specific heparan sulfate proteoglycan core protein	4167	141.0	34.1	4.48e-11	78	156	3633	3708
A0A3Q3ADW5	A0A3Q3ADW5_CHICK EGF like repeats and discoidin domains 3	480	GlyGallus	A0A8V0YDB7	A0A8V0YDB7_CHICK Signal peptide, CUB domain and EGF like domain containing 1	988	98.0	29.0	4.34e-06	83	186	41	161
A0A3Q3ADW5	A0A3Q3ADW5_CHICK EGF like repeats and discoidin domains 3	480	GlyGallus	A0A8V0ZKI3	A0A8V0ZKI3_CHICK Laminin subunit alpha-5	3686	95.0	29.6	9.67e-06	50	166	458	566
A0A8V0X4N4	A0A8V0X4N4_CHICK Cyclin-dependent kinase-like 5	982	GlyGallus	A0A8V0X4N4	A0A8V0X4N4_CHICK Cyclin-dependent kinase-like 5	982	5156.0	100.0	0.00e+00	1	982	1	982
A0A8V0X4N4	A0A8V0X4N4_CHICK Cyclin-dependent kinase-like 5	982	GlyGallus	A0A8V0Z932	A0A8V0Z932_CHICK Vitellogenin 2	1864	118.0	21.7	4.26e-08	363	625	1109	1368
A0A8V0X4N4	A0A8V0X4N4_CHICK Cyclin-dependent kinase-like 5	982	GlyGallus	A0A8V0ZCK4	A0A8V0ZCK4_CHICK TOPBP1 interacting checkpoint and replication regulator	1863	81.0	21.0	8.31e-04	518	950	814	1199
A0A8V0X522	A0A8V0X522_CHICK Calumenin	287	GlyGallus	A0A8V0X522	A0A8V0X522_CHICK Calumenin	287	1551.0	100.0	8.50e-175	1	287	1	287
A0A8V0XA58	A0A8V0XA58_CHICK Matrix extracellular phosphoglycoprotein	752	GlyGallus	A0A8V0XA58	A0A8V0XA58_CHICK Matrix extracellular phosphoglycoprotein	752	3963.0	100.0	0.00e+00	1	752	1	752
A0A8V0XA58	A0A8V0XA58_CHICK Matrix extracellular phosphoglycoprotein	752	GlyGallus	A0A8V0YNU8	A0A8V0YNU8_CHICK Collagen alpha-2(VI) chain	974	96.0	27.7	1.16e-05	351	533	367	536
A0A8V0XEK3	A0A8V0XEK3_CHICK Tsukushi	429	GlyGallus	A0A8V0XEK3	A0A8V0XEK3_CHICK Tsukushi	429	2208.0	100.0	8.33e-251	1	429	1	429
A0A8V0Y0J2	A0A8V0Y0J2_CHICK Clusterin	503	GlyGallus	A0A8V0Y0J2	A0A8V0Y0J2_CHICK Clusterin	503	2658.0	100.0	6.44e-303	1	503	1	503
A0A8V0Y248	A0A8V0Y248_CHICK Sulfhydryl oxidase	741	GlyGallus	A0A8V0Y248	A0A8V0Y248_CHICK Sulfhydryl oxidase	741	3915.0	100.0	0.00e+00	1	741	1	741
A0A8V0Y614	A0A8V0Y614_CHICK Ovalbumin-related protein X (SERPINB14C)	388	GlyGallus	A0A8V0Y614	A0A8V0Y614_CHICK Ovalbumin-related protein X (SERPINB14C)	388	1983.0	100.0	9.27e-225	1	388	1	388
A0A8V0Y614	A0A8V0Y614_CHICK Ovalbumin-related protein X (SERPINB14C)	388	GlyGallus	A0A8V0YJ25	A0A8V0YJ25_CHICK Ovalbumin-related protein Y (SERPINB14B)	422	1496.0	72.7	2.74e-168	1	388	35	422
A0A8V0Y614	A0A8V0Y614_CHICK Ovalbumin-related protein X (SERPINB14C)	388	GlyGallus	P01012	OVAL_CHICK Ovalbumin	386	1233.0	61.9	8.60e-138	1	388	1	386
A0A8V0YDB7	A0A8V0YDB7_CHICK Signal peptide, CUB domain and EGF like domain containing 1	988	GlyGallus	A0A8V0YDB7	A0A8V0YDB7_CHICK Signal peptide, CUB domain and EGF like domain containing 1	988	5589.0	100.0	0.00e+00	1	988	1	988
A0A8V0YDB7	A0A8V0YDB7_CHICK Signal peptide, CUB domain and EGF like domain containing 1	988	GlyGallus	A0A8V0ZKI3	A0A8V0ZKI3_CHICK Laminin subunit alpha-5	3686	162.0	25.1	3.39e-13	56	388	1820	2126
A0A8V0YDB7	A0A8V0YDB7_CHICK Signal peptide, CUB domain and EGF like domain containing 1	988	GlyGallus	A0A8V0YB27	A0A8V0YB27_CHICK Laminin subunit gamma 1	1593	135.0	26.2	4.58e-10	41	347	759	1020
A0A8V0YDB7	A0A8V0YDB7_CHICK Signal peptide, CUB domain and EGF like domain containing 1	988	GlyGallus	A0A8V0ZUZ0	A0A8V0ZUZ0_CHICK Suppressor of tumorigenicity 14 protein homolog	828	127.0	27.1	3.88e-09	794	911	308	420
A0A8V0YDB7	A0A8V0YDB7_CHICK Signal peptide, CUB domain and EGF like domain containing 1	988	GlyGallus	A0A8V0Z3S9	A0A8V0Z3S9_CHICK Basement membrane-specific heparan sulfate proteoglycan core protein	4167	112.0	21.6	2.13e-07	114	759	714	1307
A0A8V0YDD6	A0A8V0YDD6_CHICK Fibronectin	2392	GlyGallus	A0A8V0YDD6	A0A8V0YDD6_CHICK Fibronectin	2392	12885.0	100.0	0.00e+00	1	2392	1	2392
A0A8V0YDD6	A0A8V0YDD6_CHICK Fibronectin	2392	GlyGallus	A0A3Q2TZZ7	A0A3Q2TZZ7_CHICK Receptor-type tyrosine-protein phosphatase F	1904	394.0	21.9	1.03e-39	614	1701	190	1255
A0A8V0YDD6	A0A8V0YDD6_CHICK Fibronectin	2392	GlyGallus	A0A8V0YV77	A0A8V0YV77_CHICK HGF activator	583	156.0	26.3	4.07e-12	421	608	45	177
A0A8V0YJ25	A0A8V0YJ25_CHICK Ovalbumin-related protein Y (SERPINB14B)	422	GlyGallus	A0A8V0YJ25	A0A8V0YJ25_CHICK Ovalbumin-related protein Y (SERPINB14B)	422	2180.0	100.0	1.45e-247	1	422	1	422
A0A8V0YJ25	A0A8V0YJ25_CHICK Ovalbumin-related protein Y (SERPINB14B)	422	GlyGallus	A0A8V0Y614	A0A8V0Y614_CHICK Ovalbumin-related protein X (SERPINB14C)	388	1496.0	72.7	2.98e-168	35	422	1	388
A0A8V0YJ25	A0A8V0YJ25_CHICK Ovalbumin-related protein Y (SERPINB14B)	422	GlyGallus	P01012	OVAL_CHICK Ovalbumin	386	1203.0	57.2	2.82e-134	35	422	1	386
A0A8V0YMM6	A0A8V0YMM6_CHICK Chordin	1188	GlyGallus	A0A8V0YMM6	A0A8V0YMM6_CHICK Chordin	1188	6507.0	100.0	0.00e+00	1	1188	1	1188
A0A8V0YMM6	A0A8V0YMM6_CHICK Chordin	1188	GlyGallus	A0A8V1A049	A0A8V1A049_CHICK Mucin-5AC	885	120.0	24.5	3.02e-08	925	1182	513	792
A0A8V0YNU8	A0A8V0YNU8_CHICK Collagen alpha-2(VI) chain	974	GlyGallus	A0A8V0YNU8	A0A8V0YNU8_CHICK Collagen alpha-2(VI) chain	974	5178.0	100.0	0.00e+00	1	974	1	974
A0A8V0YNU8	A0A8V0YNU8_CHICK Collagen alpha-2(VI) chain	974	GlyGallus	A0A8V0XA58	A0A8V0XA58_CHICK Matrix extracellular phosphoglycoprotein	752	96.0	27.7	1.50e-05	367	536	351	533
A0A8V0YPM0	A0A8V0YPM0_CHICK Serine peptidase inhibitor, Kazal type 7 (putative)	241	GlyGallus	A0A8V0YPM0	A0A8V0YPM0_CHICK Serine peptidase inhibitor, Kazal type 7 (putative)	241	1330.0	100.0	3.02e-149	1	241	1	241
A0A8V0YPM0	A0A8V0YPM0_CHICK Serine peptidase inhibitor, Kazal type 7 (putative)	241	GlyGallus	A0A8V0YW85	A0A8V0YW85_CHICK Serine peptidase inhibitor, Kazal type 5	451	476.0	46.5	3.21e-50	58	241	268	451
A0A8V0YUU0	A0A8V0YUU0_CHICK Acid ceramidase	376	GlyGallus	A0A8V0YUU0	A0A8V0YUU0_CHICK Acid ceramidase	376	2010.0	100.0	6.65e-228	1	376	1	376
A0A8V0YV77	A0A8V0YV77_CHICK HGF activator	583	GlyGallus	A0A8V0YV77	A0A8V0YV77_CHICK HGF activator	583	3277.0	100.0	0.00e+00	1	583	1	583
A0A8V0YV77	A0A8V0YV77_CHICK HGF activator	583	GlyGallus	A0A8V0ZUZ0	A0A8V0ZUZ0_CHICK Suppressor of tumorigenicity 14 protein homolog	828	362.0	36.2	1.29e-36	333	576	580	825
A0A8V0YV77	A0A8V0YV77_CHICK HGF activator	583	GlyGallus	A0A8V0YDD6	A0A8V0YDD6_CHICK Fibronectin	2392	156.0	26.3	9.92e-13	45	177	421	608
A0A8V0YV77	A0A8V0YV77_CHICK HGF activator	583	GlyGallus	A0A3Q3ADW5	A0A3Q3ADW5_CHICK EGF like repeats and discoidin domains 3	480	143.0	27.7	3.19e-11	98	243	24	143
A0A8V0YV77	A0A8V0YV77_CHICK HGF activator	583	GlyGallus	A0A8V0Z3S9	A0A8V0Z3S9_CHICK Basement membrane-specific heparan sulfate proteoglycan core protein	4167	103.0	21.2	1.39e-06	60	214	3854	3958
A0A8V0YW85	A0A8V0YW85_CHICK Serine peptidase inhibitor, Kazal type 5	451	GlyGallus	A0A8V0YW85	A0A8V0YW85_CHICK Serine peptidase inhibitor, Kazal type 5	451	2524.0	100.0	1.99e-287	1	451	1	451
A0A8V0YW85	A0A8V0YW85_CHICK Serine peptidase inhibitor, Kazal type 5	451	GlyGallus	A0A8V0YPM0	A0A8V0YPM0_CHICK Serine peptidase inhibitor, Kazal type 7 (putative)	241	476.0	46.5	6.01e-50	268	451	58	241
A0A8V0YW85	A0A8V0YW85_CHICK Serine peptidase inhibitor, Kazal type 5	451	GlyGallus	A0A8V1A049	A0A8V1A049_CHICK Mucin-5AC	885	97.0	22.8	5.33e-06	199	430	652	863
A0A8V0YW85	A0A8V0YW85_CHICK Serine peptidase inhibitor, Kazal type 5	451	GlyGallus	A0A8V0YB27	A0A8V0YB27_CHICK Laminin subunit gamma 1	1593	78.0	21.6	8.51e-04	24	206	814	998
A0A8V0YYJ3	A0A8V0YYJ3_CHICK Lipid-binding serum glycoprotein C-terminal domain-containing protein	469	GlyGallus	A0A8V0YYJ3	A0A8V0YYJ3_CHICK Lipid-binding serum glycoprotein C-terminal domain-containing protein	469	2349.0	100.0	4.07e-267	1	469	1	469
A0A8V0YYJ3	A0A8V0YYJ3_CHICK Lipid-binding serum glycoprotein C-terminal domain-containing protein	469	GlyGallus	A0A1D5PT25	A0A1D5PT25_CHICK Bactericidal permeability-increasing protein	469	207.0	23.0	9.74e-19	14	458	4	461
A0A8V0Z1W6	A0A8V0Z1W6_CHICK Procollagen-lysine,2-oxoglutarate 5-dioxygenase 1	728	GlyGallus	A0A8V0Z1W6	A0A8V0Z1W6_CHICK Procollagen-lysine,2-oxoglutarate 5-dioxygenase 1	728	3907.0	100.0	0.00e+00	1	728	1	728
A0A8V0Z1W6	A0A8V0Z1W6_CHICK Procollagen-lysine,2-oxoglutarate 5-dioxygenase 1	728	GlyGallus	A0A8V0YYS9	A0A8V0YYS9_CHICK procollagen-lysine 5-dioxygenase	756	2428.0	58.3	4.36e-276	3	728	8	756
A0A8V0Z3S9	A0A8V0Z3S9_CHICK Basement membrane-specific heparan sulfate proteoglycan core protein	4167	GlyGallus	A0A8V0Z3S9	A0A8V0Z3S9_CHICK Basement membrane-specific heparan sulfate proteoglycan core protein	4167	22323.0	100.0	0.00e+00	1	4167	1	4167
A0A8V0Z3S9	A0A8V0Z3S9_CHICK Basement membrane-specific heparan sulfate proteoglycan core protein	4167	GlyGallus	A0A8V0ZKI3	A0A8V0ZKI3_CHICK Laminin subunit alpha-5	3686	856.0	34.1	4.80e-93	710	1316	1444	2041
A0A8V0Z3S9	A0A8V0Z3S9_CHICK Basement membrane-specific heparan sulfate proteoglycan core protein	4167	GlyGallus	A0A8V0YB27	A0A8V0YB27_CHICK Laminin subunit gamma 1	1593	735.0	34.9	5.15e-79	1113	1643	299	799
A0A8V0Z3S9	A0A8V0Z3S9_CHICK Basement membrane-specific heparan sulfate proteoglycan core protein	4167	GlyGallus	A0A8V0ZUZ0	A0A8V0ZUZ0_CHICK Suppressor of tumorigenicity 14 protein homolog	828	290.0	33.8	2.05e-27	199	391	424	575
A0A8V0Z3S9	A0A8V0Z3S9_CHICK Basement membrane-specific heparan sulfate proteoglycan core protein	4167	GlyGallus	A0A3Q2TZZ7	A0A3Q2TZZ7_CHICK Receptor-type tyrosine-protein phosphatase F	1904	237.0	28.0	2.87e-21	3208	3470	48	338
A0A8V0Z5X2	A0A8V0Z5X2_CHICK Prosaposin	541	GlyGallus	A0A8V0Z5X2	A0A8V0Z5X2_CHICK Prosaposin	541	2862.0	100.0	0.00e+00	1	541	1	541
A0A8V0Z932	A0A8V0Z932_CHICK Vitellogenin 2	1864	GlyGallus	A0A8V0Z932	A0A8V0Z932_CHICK Vitellogenin 2	1864	9526.0	100.0	0.00e+00	1	1864	1	1864
A0A8V0Z932	A0A8V0Z932_CHICK Vitellogenin 2	1864	GlyGallus	A0A8V0X4N4	A0A8V0X4N4_CHICK Cyclin-dependent kinase-like 5	982	118.0	21.7	8.09e-08	1109	1368	363	625
A0A8V0Z932	A0A8V0Z932_CHICK Vitellogenin 2	1864	GlyGallus	Q98UI9	MUC5B_CHICK Mucin-5B	2108	106.0	20.0	1.99e-06	1592	1762	862	1026
A0A8V0Z932	A0A8V0Z932_CHICK Vitellogenin 2	1864	GlyGallus	A0A8V0ZCK4	A0A8V0ZCK4_CHICK TOPBP1 interacting checkpoint and replication regulator	1863	102.0	19.0	5.80e-06	919	1377	1084	1521
A0A8V0Z932	A0A8V0Z932_CHICK Vitellogenin 2	1864	GlyGallus	A0A8V0ZNE4	A0A8V0ZNE4_CHICK VWFD domain-containing protein	2139	98.0	22.6	1.69e-05	1585	1762	428	604
A0A8V0ZA93	A0A8V0ZA93_CHICK hyaluronoglucosaminidase	1359	GlyGallus	A0A8V0ZA93	A0A8V0ZA93_CHICK hyaluronoglucosaminidase	1359	7327.0	100.0	0.00e+00	1	1359	1	1359
A0A8V0ZA93	A0A8V0ZA93_CHICK hyaluronoglucosaminidase	1359	GlyGallus	A0A8V0ZNE4	A0A8V0ZNE4_CHICK VWFD domain-containing protein	2139	119.0	29.7	4.51e-08	320	422	1909	2015
A0A8V0ZGV7	A0A8V0ZGV7_CHICK Polypeptide N-acetylgalactosaminyltransferase	567	GlyGallus	A0A8V0ZGV7	A0A8V0ZGV7_CHICK Polypeptide N-acetylgalactosaminyltransferase	567	3053.0	100.0	0.00e+00	1	567	1	567
A0A8V0ZKI3	A0A8V0ZKI3_CHICK Laminin subunit alpha-5	3686	GlyGallus	A0A8V0ZKI3	A0A8V0ZKI3_CHICK Laminin subunit alpha-5	3686	19988.0	100.0	0.00e+00	1	3686	1	3686
A0A8V0ZKI3	A0A8V0ZKI3_CHICK Laminin subunit alpha-5	3686	GlyGallus	A0A8V0YB27	A0A8V0YB27_CHICK Laminin subunit gamma 1	1593	1357.0	29.0	3.42e-151	1431	2663	280	1518
A0A8V0ZKI3	A0A8V0ZKI3_CHICK Laminin subunit alpha-5	3686	GlyGallus	A0A8V0Z3S9	A0A8V0Z3S9_CHICK Basement membrane-specific heparan sulfate proteoglycan core protein	4167	856.0	34.1	4.25e-93	1444	2041	710	1316
A0A8V0ZKI3	A0A8V0ZKI3_CHICK Laminin subunit alpha-5	3686	GlyGallus	A0A8V0YDB7	A0A8V0YDB7_CHICK Signal peptide, CUB domain and EGF like domain containing 1	988	162.0	25.1	1.26e-12	1820	2126	56	388
A0A8V0ZKI3	A0A8V0ZKI3_CHICK Laminin subunit alpha-5	3686	GlyGallus	A0A8V1A049	A0A8V1A049_CHICK Mucin-5AC	885	124.0	21.3	3.22e-08	435	742	460	832
A0A8V0ZNE4	A0A8V0ZNE4_CHICK VWFD domain-containing protein	2139	GlyGallus	A0A8V0ZNE4	A0A8V0ZNE4_CHICK VWFD domain-containing protein	2139	11902.0	100.0	0.00e+00	1	2139	1	2139
A0A8V0ZNE4	A0A8V0ZNE4_CHICK VWFD domain-containing protein	2139	GlyGallus	Q98UI9	MUC5B_CHICK Mucin-5B	2108	3392.0	45.4	0.00e+00	83	1370	38	1310
A0A8V0ZNE4	A0A8V0ZNE4_CHICK VWFD domain-containing protein	2139	GlyGallus	A0A8V1A049	A0A8V1A049_CHICK Mucin-5AC	885	367.0	28.9	1.24e-36	897	1271	196	569
A0A8V0ZNE4	A0A8V0ZNE4_CHICK VWFD domain-containing protein	2139	GlyGallus	A0A8V0ZA93	A0A8V0ZA93_CHICK hyaluronoglucosaminidase	1359	119.0	29.7	7.11e-08	1909	2015	320	422
A0A8V0ZNE4	A0A8V0ZNE4_CHICK VWFD domain-containing protein	2139	GlyGallus	A0A8V0YDB7	A0A8V0YDB7_CHICK Signal peptide, CUB domain and EGF like domain containing 1	988	98.0	22.0	1.94e-05	815	1238	25	409
A0A8V0ZTX8	A0A8V0ZTX8_CHICK Ovostatin	1492	GlyGallus	A0A8V0ZTX8	A0A8V0ZTX8_CHICK Ovostatin	1492	7815.0	100.0	0.00e+00	1	1492	1	1492
A0A8V0ZV19	A0A8V0ZV19_CHICK Sulfatase 2	855	GlyGallus	A0A8V0ZV19	A0A8V0ZV19_CHICK Sulfatase 2	855	4626.0	100.0	0.00e+00	1	855	1	855
A0A8V0ZV62	A0A8V0ZV62_CHICK Sortilin	782	GlyGallus	A0A8V0ZV62	A0A8V0ZV62_CHICK Sortilin	782	4138.0	100.0	0.00e+00	1	782	1	782
A0A8V0ZXF2	A0A8V0ZXF2_CHICK Immunoglobulin lambda-like polypeptide 1	230	GlyGallus	A0A8V0ZXF2	A0A8V0ZXF2_CHICK Immunoglobulin lambda-like polypeptide 1	230	1192.0	100.0	2.90e-133	1	230	1	230
A0A8V0ZXF2	A0A8V0ZXF2_CHICK Immunoglobulin lambda-like polypeptide 1	230	GlyGallus	A0A8V0Z3S9	A0A8V0Z3S9_CHICK Basement membrane-specific heparan sulfate proteoglycan core protein	4167	95.0	22.5	4.64e-06	26	212	2829	2986
A0A8V0ZXF2	A0A8V0ZXF2_CHICK Immunoglobulin lambda-like polypeptide 1	230	GlyGallus	A0A3Q2TZZ7	A0A3Q2TZZ7_CHICK Receptor-type tyrosine-protein phosphatase F	1904	75.0	25.9	9.67e-04	84	217	87	213
A0A8V1A049	A0A8V1A049_CHICK Mucin-5AC	885	GlyGallus	A0A8V1A049	A0A8V1A049_CHICK Mucin-5AC	885	5011.0	100.0	0.00e+00	1	885	1	885
A0A8V1A049	A0A8V1A049_CHICK Mucin-5AC	885	GlyGallus	Q98UI9	MUC5B_CHICK Mucin-5B	2108	1632.0	36.2	1.06e-183	12	870	1236	2103
A0A8V1A049	A0A8V1A049_CHICK Mucin-5AC	885	GlyGallus	A0A8V0ZNE4	A0A8V0ZNE4_CHICK VWFD domain-containing protein	2139	367.0	28.9	5.14e-37	196	569	897	1271
A0A8V1A049	A0A8V1A049_CHICK Mucin-5AC	885	GlyGallus	A0A8V0ZKI3	A0A8V0ZKI3_CHICK Laminin subunit alpha-5	3686	124.0	21.3	7.74e-09	460	832	435	742
A0A8V1A049	A0A8V1A049_CHICK Mucin-5AC	885	GlyGallus	A0A8V0YMM6	A0A8V0YMM6_CHICK Chordin	1188	120.0	24.5	2.25e-08	513	792	925	1182
A0A8V1A407	A0A8V1A407_CHICK Pleckstrin homology domain containing A6	1108	GlyGallus	A0A8V1A407	A0A8V1A407_CHICK Pleckstrin homology domain containing A6	1108	5780.0	100.0	0.00e+00	1	1108	1	1108
A0A8V1A407	A0A8V1A407_CHICK Pleckstrin homology domain containing A6	1108	GlyGallus	A0A8V0Z932	A0A8V0Z932_CHICK Vitellogenin 2	1864	97.0	18.1	1.31e-05	607	952	982	1288
A0A8V1A407	A0A8V1A407_CHICK Pleckstrin homology domain containing A6	1108	GlyGallus	A0A8V1A360	A0A8V1A360_CHICK Rho/Rac guanine nucleotide exchange factor 18	1549	81.0	19.3	9.38e-04	555	931	1169	1532
A0A8V1A6Y9	A0A8V1A6Y9_CHICK Ovotransferrin	697	GlyGallus	A0A8V1A6Y9	A0A8V1A6Y9_CHICK Ovotransferrin	697	3721.0	100.0	0.00e+00	1	697	1	697
A0A8V1AC48	A0A8V1AC48_CHICK Semaphorin 3G	761	GlyGallus	A0A8V1AC48	A0A8V1AC48_CHICK Semaphorin 3G	761	4077.0	100.0	0.00e+00	1	761	1	761
A0A8V1AC48	A0A8V1AC48_CHICK Semaphorin 3G	761	GlyGallus	A0A1D5PZ68	A0A1D5PZ68_CHICK Semaphorin-3C	751	1606.0	46.3	9.45e-181	18	714	21	709
A0A8V1AH71	A0A8V1AH71_CHICK Orosomucoid 1 (ovoglycoprotein)	265	GlyGallus	A0A8V1AH71	A0A8V1AH71_CHICK Orosomucoid 1 (ovoglycoprotein)	265	1411.0	100.0	1.34e-158	1	265	1	265
A0A8V1AHD4	A0A8V1AHD4_CHICK Smoothelin like 2	427	GlyGallus	A0A8V1AHD4	A0A8V1AHD4_CHICK Smoothelin like 2	427	2191.0	100.0	7.76e-249	1	427	1	427
A0A8V1AHD4	A0A8V1AHD4_CHICK Smoothelin like 2	427	GlyGallus	A0A8V0Z932	A0A8V0Z932_CHICK Vitellogenin 2	1864	82.0	19.3	2.77e-04	8	301	1031	1297
A0A8V1AIC0	A0A8V1AIC0_CHICK Nuclear prelamin A recognition factor	475	GlyGallus	A0A8V1AIC0	A0A8V1AIC0_CHICK Nuclear prelamin A recognition factor	475	2489.0	100.0	2.40e-283	1	475	1	475
P01012	OVAL_CHICK Ovalbumin	386	GlyGallus	P01012	OVAL_CHICK Ovalbumin	386	1950.0	100.0	6.19e-221	1	386	1	386
P01012	OVAL_CHICK Ovalbumin	386	GlyGallus	A0A8V0Y614	A0A8V0Y614_CHICK Ovalbumin-related protein X (SERPINB14C)	388	1233.0	61.9	8.56e-138	1	386	1	388
P01012	OVAL_CHICK Ovalbumin	386	GlyGallus	A0A8V0YJ25	A0A8V0YJ25_CHICK Ovalbumin-related protein Y (SERPINB14B)	422	1203.0	57.2	2.58e-134	1	386	35	422
P02552	TBA1A_CHICK Tubulin alpha-1A chain	451	GlyGallus	P02552	TBA1A_CHICK Tubulin alpha-1A chain	451	2394.0	100.0	2.37e-272	1	451	1	451
Q98UI9	MUC5B_CHICK Mucin-5B	2108	GlyGallus	Q98UI9	MUC5B_CHICK Mucin-5B	2108	11846.0	100.0	0.00e+00	1	2108	1	2108
Q98UI9	MUC5B_CHICK Mucin-5B	2108	GlyGallus	A0A8V0ZNE4	A0A8V0ZNE4_CHICK VWFD domain-containing protein	2139	3392.0	45.4	0.00e+00	38	1310	83	1370
Q98UI9	MUC5B_CHICK Mucin-5B	2108	GlyGallus	A0A8V1A049	A0A8V1A049_CHICK Mucin-5AC	885	1632.0	36.1	2.53e-183	1236	2103	12	870
Q98UI9	MUC5B_CHICK Mucin-5B	2108	GlyGallus	A0A8V0YDB7	A0A8V0YDB7_CHICK Signal peptide, CUB domain and EGF like domain containing 1	988	107.0	23.4	1.72e-06	775	1271	23	468
Q98UI9	MUC5B_CHICK Mucin-5B	2108	GlyGallus	A0A8V0Z932	A0A8V0Z932_CHICK Vitellogenin 2	1864	106.0	20.0	2.25e-06	862	1026	1592	1762
R4GFJ0	R4GFJ0_CHICK Carboxypeptidase E	469	GlyGallus	R4GFJ0	R4GFJ0_CHICK Carboxypeptidase E	469	2479.0	100.0	3.43e-282	1	469	1	469
V5NUE7	V5NUE7_CHICK Ovocleidin-17	161	GlyGallus	V5NUE7	V5NUE7_CHICK Ovocleidin-17	161	891.0	100.0	1.62e-98	1	161	1	161
A0A8V0XEF3	A0A8V0XEF3_CHICK Tripartite motif containing 13	416	GlyGallus	A0A8V0XEF3	A0A8V0XEF3_CHICK Tripartite motif containing 13	416	2187.0	100.0	2.20e-248	1	416	1	416
A0A8V0YB27	A0A8V0YB27_CHICK Laminin subunit gamma 1	1593	GlyGallus	A0A8V0YB27	A0A8V0YB27_CHICK Laminin subunit gamma 1	1593	8606.0	100.0	0.00e+00	1	1593	1	1593
A0A8V0YB27	A0A8V0YB27_CHICK Laminin subunit gamma 1	1593	GlyGallus	A0A8V0ZKI3	A0A8V0ZKI3_CHICK Laminin subunit alpha-5	3686	1357.0	29.0	1.48e-151	280	1518	1431	2663
A0A8V0YB27	A0A8V0YB27_CHICK Laminin subunit gamma 1	1593	GlyGallus	A0A8V0Z3S9	A0A8V0Z3S9_CHICK Basement membrane-specific heparan sulfate proteoglycan core protein	4167	735.0	34.9	1.97e-79	299	799	1113	1643
A0A8V0YB27	A0A8V0YB27_CHICK Laminin subunit gamma 1	1593	GlyGallus	A0A8V0YDB7	A0A8V0YDB7_CHICK Signal peptide, CUB domain and EGF like domain containing 1	988	135.0	26.2	7.38e-10	759	1020	41	347
A0A8V0YB27	A0A8V0YB27_CHICK Laminin subunit gamma 1	1593	GlyGallus	A0A8V0ZNE4	A0A8V0ZNE4_CHICK VWFD domain-containing protein	2139	96.0	19.8	2.46e-05	369	982	298	900
A0A8V0YYS9	A0A8V0YYS9_CHICK procollagen-lysine 5-dioxygenase	756	GlyGallus	A0A8V0YYS9	A0A8V0YYS9_CHICK procollagen-lysine 5-dioxygenase	756	4073.0	100.0	0.00e+00	1	756	1	756
A0A8V0YYS9	A0A8V0YYS9_CHICK procollagen-lysine 5-dioxygenase	756	GlyGallus	A0A8V0Z1W6	A0A8V0Z1W6_CHICK Procollagen-lysine,2-oxoglutarate 5-dioxygenase 1	728	2428.0	58.3	4.53e-276	8	756	3	728
A0A8V0ZCK4	A0A8V0ZCK4_CHICK TOPBP1 interacting checkpoint and replication regulator	1863	GlyGallus	A0A8V0ZCK4	A0A8V0ZCK4_CHICK TOPBP1 interacting checkpoint and replication regulator	1863	9638.0	100.0	0.00e+00	1	1863	1	1863
A0A8V0ZCK4	A0A8V0ZCK4_CHICK TOPBP1 interacting checkpoint and replication regulator	1863	GlyGallus	A0A8V0Z932	A0A8V0Z932_CHICK Vitellogenin 2	1864	102.0	19.0	5.79e-06	1084	1521	919	1377
A0A8V1A360	A0A8V1A360_CHICK Rho/Rac guanine nucleotide exchange factor 18	1549	GlyGallus	A0A8V1A360	A0A8V1A360_CHICK Rho/Rac guanine nucleotide exchange factor 18	1549	7870.0	100.0	0.00e+00	1	1549	1	1549
A0A8V1ADW6	A0A8V1ADW6_CHICK Extracellular matrix protein 1	461	GlyGallus	A0A8V1ADW6	A0A8V1ADW6_CHICK Extracellular matrix protein 1	461	2558.0	100.0	2.33e-291	1	461	1	461
E6N1V2	E6N1V2_CHICK HEP21 secreted LY6/PLAUR domain containing, MHCB region	107	GlyGallus	E6N1V2	E6N1V2_CHICK HEP21 secreted LY6/PLAUR domain containing, MHCB region	107	585.0	100.0	3.27e-63	1	107	1	107
Q90WR6	Q90WR6_CHICK Sulfotransferase	307	GlyGallus	Q90WR6	Q90WR6_CHICK Sulfotransferase	307	1668.0	100.0	2.46e-188	1	307	1	307
A0A8V0ZUZ0	A0A8V0ZUZ0_CHICK Suppressor of tumorigenicity 14 protein homolog	828	GlyGallus	A0A8V0ZUZ0	A0A8V0ZUZ0_CHICK Suppressor of tumorigenicity 14 protein homolog	828	4468.0	100.0	0.00e+00	1	828	1	828
A0A8V0ZUZ0	A0A8V0ZUZ0_CHICK Suppressor of tumorigenicity 14 protein homolog	828	GlyGallus	A0A8V0YV77	A0A8V0YV77_CHICK HGF activator	583	362.0	36.2	1.83e-36	580	825	333	576
A0A8V0ZUZ0	A0A8V0ZUZ0_CHICK Suppressor of tumorigenicity 14 protein homolog	828	GlyGallus	A0A8V0Z3S9	A0A8V0Z3S9_CHICK Basement membrane-specific heparan sulfate proteoglycan core protein	4167	290.0	33.8	4.08e-28	424	575	199	391
A0A8V0ZUZ0	A0A8V0ZUZ0_CHICK Suppressor of tumorigenicity 14 protein homolog	828	GlyGallus	A0A8V0YDB7	A0A8V0YDB7_CHICK Signal peptide, CUB domain and EGF like domain containing 1	988	127.0	27.1	3.25e-09	308	420	794	911
A0A8V0ZUZ0	A0A8V0ZUZ0_CHICK Suppressor of tumorigenicity 14 protein homolog	828	GlyGallus	A0A8V0ZNE4	A0A8V0ZNE4_CHICK VWFD domain-containing protein	2139	87.0	25.0	1.41e-04	360	604	652	898
A0A1D5PMF7	A0A1D5PMF7_CHICK Spondin-1	732	GlyAnas	A0A8B9QS28	A0A8B9QS28_ANAPL Thrombospondin-2	1182	270.0	29.7	4.51e-25	369	610	336	585
A0A1D5PMF7	A0A1D5PMF7_CHICK Spondin-1	732	GlyAnas	A0A493T8L7	A0A493T8L7_ANAPP Thrombospondin-1	1178	259.0	32.8	8.50e-24	489	649	393	563
A0A1D5PMF7	A0A1D5PMF7_CHICK Spondin-1	732	GlyAnas	A0A493TA20	A0A493TA20_ANAPP Thrombospondin type 1 domain containing 4	1028	230.0	27.4	1.96e-20	438	711	639	894
A0A1D5PMF7	A0A1D5PMF7_CHICK Spondin-1	732	GlyAnas	A0A8B9QYQ8	A0A8B9QYQ8_ANAPL ADAM metallopeptidase with thrombospondin type 1 motif 19	1184	224.0	28.8	9.73e-20	356	590	881	1120
A0A1D5PMF7	A0A1D5PMF7_CHICK Spondin-1	732	GlyAnas	A0A8B9TBP5	A0A8B9TBP5_ANAPL A disintegrin and metalloproteinase with thrombospondin motifs 1	934	138.0	36.4	9.13e-10	490	562	830	900
A0A1D5PZ68	A0A1D5PZ68_CHICK Semaphorin-3C	751	GlyAnas	A0A8B9U577	A0A8B9U577_9AVES Semaphorin-3C	782	3933.0	98.0	0.00e+00	1	751	32	782
A0A1D5PZ68	A0A1D5PZ68_CHICK Semaphorin-3C	751	GlyAnas	A0A8B9TMM6	A0A8B9TMM6_ANAPL Semaphorin 3B	668	1647.0	54.1	9.84e-185	54	610	90	644
A0A1D5PZ68	A0A1D5PZ68_CHICK Semaphorin-3C	751	GlyAnas	A0A493STK1	A0A493STK1_ANAPP ubiquitinyl hydrolase 1	1367	1617.0	48.1	2.96e-181	21	662	19	660
A0A1D5PZ68	A0A1D5PZ68_CHICK Semaphorin-3C	751	GlyAnas	A0A8B9SJW6	A0A8B9SJW6_ANAPL Semaphorin-3D	747	1515.0	40.7	1.99e-169	24	721	34	722
A0A1D5PZ68	A0A1D5PZ68_CHICK Semaphorin-3C	751	GlyAnas	A0A8B9V535	A0A8B9V535_9AVES Semaphorin 4G	850	884.0	33.2	2.94e-96	1	662	9	645
A0A3Q2TZZ7	A0A3Q2TZZ7_CHICK Receptor-type tyrosine-protein phosphatase F	1904	GlyAnas	A0A493T750	A0A493T750_ANAPP Receptor-type tyrosine-protein phosphatase F	1929	9790.0	97.5	0.00e+00	1	1904	1	1929
A0A3Q2TZZ7	A0A3Q2TZZ7_CHICK Receptor-type tyrosine-protein phosphatase F	1904	GlyAnas	A0A493T341	A0A493T341_ANAPP protein-tyrosine-phosphatase	1488	1428.0	32.2	6.19e-159	580	1898	256	1487
A0A3Q2TZZ7	A0A3Q2TZZ7_CHICK Receptor-type tyrosine-protein phosphatase F	1904	GlyAnas	A0A8B9TDC9	A0A8B9TDC9_ANAPL protein-tyrosine-phosphatase	1365	1418.0	32.4	8.93e-158	580	1898	136	1364
A0A3Q2TZZ7	A0A3Q2TZZ7_CHICK Receptor-type tyrosine-protein phosphatase F	1904	GlyAnas	A0A8B9VYF6	A0A8B9VYF6_9AVES protein-tyrosine-phosphatase	1409	1140.0	28.5	1.54e-125	749	1897	249	1376
A0A3Q2TZZ7	A0A3Q2TZZ7_CHICK Receptor-type tyrosine-protein phosphatase F	1904	GlyAnas	A0A493T1Z9	A0A493T1Z9_ANAPP Neogenin	1396	792.0	28.5	3.47e-85	13	1011	21	1046
A0A3Q3ADW5	A0A3Q3ADW5_CHICK EGF like repeats and discoidin domains 3	480	GlyAnas	A0A8B9R6K5	A0A8B9R6K5_ANAPL Milk fat globule EGF and factor V/VIII domain containing	468	1473.0	54.2	9.44e-165	7	478	9	468
A0A3Q3ADW5	A0A3Q3ADW5_CHICK EGF like repeats and discoidin domains 3	480	GlyAnas	A0A8B9TKI0	A0A8B9TKI0_ANAPL Slit homolog 2 protein	1508	284.0	37.9	7.04e-27	20	157	915	1035
A0A3Q3ADW5	A0A3Q3ADW5_CHICK EGF like repeats and discoidin domains 3	480	GlyAnas	A0A8B9VG14	A0A8B9VG14_9AVES Crumbs cell polarity complex component 1	1399	254.0	32.3	2.12e-23	24	155	65	215
A0A3Q3ADW5	A0A3Q3ADW5_CHICK EGF like repeats and discoidin domains 3	480	GlyAnas	A0A8B9VJN1	A0A8B9VJN1_9AVES Discoidin, CUB and LCCL domain-containing protein 1	666	223.0	35.7	8.33e-20	351	476	279	400
A0A3Q3ADW5	A0A3Q3ADW5_CHICK EGF like repeats and discoidin domains 3	480	GlyAnas	A0A8B9VTH6	A0A8B9VTH6_9AVES Cadherin EGF LAG seven-pass G-type receptor 1	2863	187.0	30.1	1.25e-15	24	155	1156	1292
A0A8V0X4N4	A0A8V0X4N4_CHICK Cyclin-dependent kinase-like 5	982	GlyAnas	R0K6C9	R0K6C9_ANAPL Titin (Fragment)	32970	193.0	26.1	5.13e-16	11	215	30967	31169
A0A8V0X4N4	A0A8V0X4N4_CHICK Cyclin-dependent kinase-like 5	982	GlyAnas	A0A8B9TB75	A0A8B9TB75_ANAPL Tyrosine-protein kinase receptor	2270	140.0	25.5	7.18e-10	11	224	1933	2152
A0A8V0X4N4	A0A8V0X4N4_CHICK Cyclin-dependent kinase-like 5	982	GlyAnas	A0A493U044	A0A493U044_ANAPP Death associated protein kinase 1	1284	123.0	23.2	6.72e-08	149	429	12	237
A0A8V0X4N4	A0A8V0X4N4_CHICK Cyclin-dependent kinase-like 5	982	GlyAnas	A0A493SUM6	A0A493SUM6_ANAPP G-patch domain containing 8	1473	118.0	22.9	2.55e-07	309	683	576	972
A0A8V0X4N4	A0A8V0X4N4_CHICK Cyclin-dependent kinase-like 5	982	GlyAnas	A0A8B9UUX4	A0A8B9UUX4_9AVES Atrial natriuretic peptide receptor 1	925	117.0	24.9	3.34e-07	18	214	435	642
A0A8V0XA58	A0A8V0XA58_CHICK Matrix extracellular phosphoglycoprotein	752	GlyAnas	A0A8B9ZY54	A0A8B9ZY54_9AVES Ovocleidin-116	636	1385.0	45.9	2.37e-154	10	740	1	618
A0A8V0XA58	A0A8V0XA58_CHICK Matrix extracellular phosphoglycoprotein	752	GlyAnas	R0LL03	R0LL03_ANAPL Uncharacterized protein (Fragment)	433	1026.0	52.0	1.01e-112	45	473	1	433
A0A8V0XA58	A0A8V0XA58_CHICK Matrix extracellular phosphoglycoprotein	752	GlyAnas	A0A8B9U9X9	A0A8B9U9X9_9AVES Uncharacterized protein	1028	140.0	25.3	5.50e-10	99	649	60	505
A0A8V0XA58	A0A8V0XA58_CHICK Matrix extracellular phosphoglycoprotein	752	GlyAnas	A0A8B9THT8	A0A8B9THT8_ANAPL Immunoglobulin superfamily member 10	2596	95.0	23.2	9.08e-05	373	650	1266	1546
A0A8V0XA58	A0A8V0XA58_CHICK Matrix extracellular phosphoglycoprotein	752	GlyAnas	A0A8B9QUR7	A0A8B9QUR7_ANAPL Catenin delta 2	1225	90.0	22.9	3.45e-04	387	727	166	497
A0A8V0XEK3	A0A8V0XEK3_CHICK Tsukushi	429	GlyAnas	A0A8B9QR69	A0A8B9QR69_ANAPL Tsukushi	364	1597.0	91.7	3.53e-179	78	413	1	336
A0A8V0XEK3	A0A8V0XEK3_CHICK Tsukushi	429	GlyAnas	A0A8B9TKI0	A0A8B9TKI0_ANAPL Slit homolog 2 protein	1508	191.0	25.2	3.83e-16	115	394	32	387
A0A8V0XEK3	A0A8V0XEK3_CHICK Tsukushi	429	GlyAnas	A0A8B9T2B9	A0A8B9T2B9_ANAPL Leucine rich repeat neuronal 4	654	145.0	27.3	8.25e-11	48	341	31	322
A0A8V0XEK3	A0A8V0XEK3_CHICK Tsukushi	429	GlyAnas	A0A493SVA0	A0A493SVA0_ANAPP Leucine-rich repeat and fibronectin type-III domain-containing protein 5	734	136.0	27.4	9.13e-10	238	389	46	205
A0A8V0XEK3	A0A8V0XEK3_CHICK Tsukushi	429	GlyAnas	A0A8B9R3J9	A0A8B9R3J9_ANAPL TIR domain-containing protein	706	133.0	24.0	2.03e-09	122	399	28	281
A0A8V0Y248	A0A8V0Y248_CHICK Sulfhydryl oxidase	741	GlyAnas	A0A8B9TSG9	A0A8B9TSG9_ANAPL Sulfhydryl oxidase	739	3334.0	84.7	0.00e+00	1	741	1	739
A0A8V0Y614	A0A8V0Y614_CHICK Ovalbumin-related protein X (SERPINB14C)	388	GlyAnas	A0A8B9UXD7	A0A8B9UXD7_9AVES Serpin domain-containing protein	393	1634.0	80.7	1.64e-183	1	388	1	393
A0A8V0Y614	A0A8V0Y614_CHICK Ovalbumin-related protein X (SERPINB14C)	388	GlyAnas	U3IKY8	U3IKY8_ANAPP Serpin domain-containing protein	388	1470.0	72.7	1.70e-164	1	388	1	388
A0A8V0Y614	A0A8V0Y614_CHICK Ovalbumin-related protein X (SERPINB14C)	388	GlyAnas	A0A8B9QNT8	A0A8B9QNT8_ANAPL Ovalbumin	386	1272.0	63.4	1.55e-141	1	388	1	386
A0A8V0Y614	A0A8V0Y614_CHICK Ovalbumin-related protein X (SERPINB14C)	388	GlyAnas	A0A493T078	A0A493T078_ANAPP Serpin family I member 1	425	587.0	34.3	4.17e-62	9	388	42	412
A0A8V0Y614	A0A8V0Y614_CHICK Ovalbumin-related protein X (SERPINB14C)	388	GlyAnas	A0A8B9UUI8	A0A8B9UUI8_9AVES Serpin domain-containing protein	419	487.0	31.3	1.64e-50	9	388	54	416
A0A8V0YDB7	A0A8V0YDB7_CHICK Signal peptide, CUB domain and EGF like domain containing 1	988	GlyAnas	A0A8B9SN47	A0A8B9SN47_ANAPL Signal peptide, CUB and EGF-like domain-containing protein 2	981	5435.0	97.4	0.00e+00	1	988	1	981
A0A8V0YDB7	A0A8V0YDB7_CHICK Signal peptide, CUB domain and EGF like domain containing 1	988	GlyAnas	A0A8B9TXF5	A0A8B9TXF5_9AVES Signal peptide, CUB and EGF-like domain-containing protein 3	978	4063.0	71.6	0.00e+00	11	988	10	978
A0A8V0YDB7	A0A8V0YDB7_CHICK Signal peptide, CUB domain and EGF like domain containing 1	988	GlyAnas	A0A493TQM9	A0A493TQM9_ANAPP Signal peptide, CUB and EGF-like domain-containing protein 2	963	3688.0	67.6	0.00e+00	31	988	63	963
A0A8V0YDB7	A0A8V0YDB7_CHICK Signal peptide, CUB domain and EGF like domain containing 1	988	GlyAnas	A0A8B9TUB9	A0A8B9TUB9_ANAPL Fibulin-2	1111	558.0	32.1	2.45e-58	30	440	580	1003
A0A8V0YDB7	A0A8V0YDB7_CHICK Signal peptide, CUB domain and EGF like domain containing 1	988	GlyAnas	A0A493TYN8	A0A493TYN8_ANAPP Fibulin-1	664	550.0	35.1	2.07e-57	25	357	192	549
A0A8V0YDD6	A0A8V0YDD6_CHICK Fibronectin	2392	GlyAnas	A0A8B9TVE4	A0A8B9TVE4_ANAPL Fibronectin	2448	12129.0	91.6	0.00e+00	4	2392	6	2448
A0A8V0YDD6	A0A8V0YDD6_CHICK Fibronectin	2392	GlyAnas	A0A493SYG4	A0A493SYG4_ANAPP Tenascin	2038	963.0	24.8	6.46e-105	163	1814	167	1810
A0A8V0YDD6	A0A8V0YDD6_CHICK Fibronectin	2392	GlyAnas	A0A8B9V4D6	A0A8B9V4D6_9AVES Collagen alpha-1(VII) chain	836	419.0	27.0	7.78e-42	1455	2035	234	826
A0A8V0YDD6	A0A8V0YDD6_CHICK Fibronectin	2392	GlyAnas	R0K6C9	R0K6C9_ANAPL Titin (Fragment)	32970	418.0	21.7	1.02e-41	614	2027	22751	24230
A0A8V0YDD6	A0A8V0YDD6_CHICK Fibronectin	2392	GlyAnas	A0A493T750	A0A493T750_ANAPP Receptor-type tyrosine-protein phosphatase F	1929	398.0	23.1	2.12e-39	724	1676	330	1239
A0A8V0YJ25	A0A8V0YJ25_CHICK Ovalbumin-related protein Y (SERPINB14B)	422	GlyAnas	U3IKY8	U3IKY8_ANAPP Serpin domain-containing protein	388	1475.0	71.4	4.87e-165	35	422	1	388
A0A8V0YJ25	A0A8V0YJ25_CHICK Ovalbumin-related protein Y (SERPINB14B)	422	GlyAnas	A0A8B9UXD7	A0A8B9UXD7_9AVES Serpin domain-containing protein	393	1388.0	67.2	5.96e-155	35	422	1	393
A0A8V0YJ25	A0A8V0YJ25_CHICK Ovalbumin-related protein Y (SERPINB14B)	422	GlyAnas	A0A8B9QNT8	A0A8B9QNT8_ANAPL Ovalbumin	386	1226.0	58.8	3.63e-136	35	422	1	386
A0A8V0YJ25	A0A8V0YJ25_CHICK Ovalbumin-related protein Y (SERPINB14B)	422	GlyAnas	A0A493T078	A0A493T078_ANAPP Serpin family I member 1	425	601.0	35.5	1.08e-63	33	422	32	412
A0A8V0YJ25	A0A8V0YJ25_CHICK Ovalbumin-related protein Y (SERPINB14B)	422	GlyAnas	A0A8B9UUI8	A0A8B9UUI8_9AVES Serpin domain-containing protein	419	429.0	29.2	9.50e-44	43	422	54	416
A0A8V0YMM6	A0A8V0YMM6_CHICK Chordin	1188	GlyAnas	A0A493TSH0	A0A493TSH0_ANAPP Chordin	878	4465.0	92.4	0.00e+00	311	1188	1	878
A0A8V0YMM6	A0A8V0YMM6_CHICK Chordin	1188	GlyAnas	A0A493T8L7	A0A493T8L7_ANAPP Thrombospondin-1	1178	128.0	23.3	2.14e-08	937	1174	323	574
A0A8V0YMM6	A0A8V0YMM6_CHICK Chordin	1188	GlyAnas	A0A8B9QS28	A0A8B9QS28_ANAPL Thrombospondin-2	1182	111.0	28.2	2.00e-06	935	1005	325	392
A0A8V0YMM6	A0A8V0YMM6_CHICK Chordin	1188	GlyAnas	A0A493U469	A0A493U469_ANAPP Glypican-1	946	108.0	26.4	4.46e-06	5	293	88	390
A0A8V0YMM6	A0A8V0YMM6_CHICK Chordin	1188	GlyAnas	A0A493SSP6	A0A493SSP6_ANAPP LFNG O-fucosylpeptide 3-beta-N-acetylglucosaminyltransferase	500	89.0	24.3	7.12e-04	985	1175	258	440
A0A8V0YNU8	A0A8V0YNU8_CHICK Collagen alpha-2(VI) chain	974	GlyAnas	A0A8B9UC52	A0A8B9UC52_9AVES Collagen type V alpha 1 chain	1879	615.0	45.8	5.93e-65	254	536	1182	1441
A0A8V0YNU8	A0A8V0YNU8_CHICK Collagen alpha-2(VI) chain	974	GlyAnas	A0A8B9SR16	A0A8B9SR16_ANAPL von Willebrand factor	2764	198.0	22.9	1.34e-16	565	971	1462	1809
A0A8V0YNU8	A0A8V0YNU8_CHICK Collagen alpha-2(VI) chain	974	GlyAnas	A0A493SY54	A0A493SY54_ANAPP Palmitoyl-protein thioesterase 1	615	150.0	27.6	4.93e-11	252	535	61	318
A0A8V0YNU8	A0A8V0YNU8_CHICK Collagen alpha-2(VI) chain	974	GlyAnas	A0A8B9U9X9	A0A8B9U9X9_9AVES Uncharacterized protein	1028	111.0	27.8	1.64e-06	325	535	91	336
A0A8V0YNU8	A0A8V0YNU8_CHICK Collagen alpha-2(VI) chain	974	GlyAnas	A0A493U469	A0A493U469_ANAPP Glypican-1	946	98.0	29.3	5.28e-05	361	541	191	385
A0A8V0YPM0	A0A8V0YPM0_CHICK Serine peptidase inhibitor, Kazal type 7 (putative)	241	GlyAnas	A0A493SY10	A0A493SY10_ANAPP Ovomucoid	240	836.0	74.9	3.47e-91	51	241	52	240
A0A8V0YPM0	A0A8V0YPM0_CHICK Serine peptidase inhibitor, Kazal type 7 (putative)	241	GlyAnas	A0A8B9SYM3	A0A8B9SYM3_ANAPL Agrin	1983	225.0	29.8	2.45e-20	77	241	348	534
A0A8V0YPM0	A0A8V0YPM0_CHICK Serine peptidase inhibitor, Kazal type 7 (putative)	241	GlyAnas	A0A8B9UTT5	A0A8B9UTT5_9AVES Follistatin-related protein 1	295	99.0	41.9	1.00e-05	77	119	38	80
A0A8V0YUU0	A0A8V0YUU0_CHICK Acid ceramidase	376	GlyAnas	A0A493TG58	A0A493TG58_ANAPP Acid ceramidase	415	1878.0	88.6	8.06e-212	2	376	22	415
A0A8V0YV77	A0A8V0YV77_CHICK HGF activator	583	GlyAnas	A0A8B9T7P6	A0A8B9T7P6_ANAPL Acrosin	443	460.0	37.6	3.34e-47	326	573	128	377
A0A8V0YV77	A0A8V0YV77_CHICK HGF activator	583	GlyAnas	A0A8B9ZNM3	A0A8B9ZNM3_9AVES Transmembrane serine protease 13	522	419.0	37.9	1.90e-42	326	577	277	517
A0A8V0YV77	A0A8V0YV77_CHICK HGF activator	583	GlyAnas	A0A8B9QNQ2	A0A8B9QNQ2_ANAPL Transmembrane protease serine 2	485	395.0	33.6	1.15e-39	326	580	233	481
A0A8V0YV77	A0A8V0YV77_CHICK HGF activator	583	GlyAnas	A0A8B9TSC2	A0A8B9TSC2_ANAPL Complement factor I	590	380.0	34.7	6.31e-38	337	577	343	580
A0A8V0YV77	A0A8V0YV77_CHICK HGF activator	583	GlyAnas	A0A493TBW1	A0A493TBW1_ANAPP Macrophage stimulating 1	903	300.0	34.7	1.19e-28	222	473	400	635
A0A8V0YW85	A0A8V0YW85_CHICK Serine peptidase inhibitor, Kazal type 5	451	GlyAnas	A0A493SY10	A0A493SY10_ANAPP Ovomucoid	240	518.0	49.2	4.86e-54	268	451	59	240
A0A8V0YW85	A0A8V0YW85_CHICK Serine peptidase inhibitor, Kazal type 5	451	GlyAnas	A0A8B9SYM3	A0A8B9SYM3_ANAPL Agrin	1983	421.0	30.1	8.60e-43	23	451	199	649
A0A8V0YW85	A0A8V0YW85_CHICK Serine peptidase inhibitor, Kazal type 5	451	GlyAnas	A0A8B9UTT5	A0A8B9UTT5_9AVES Follistatin-related protein 1	295	95.0	37.5	5.45e-05	24	67	38	81
A0A8V0YW85	A0A8V0YW85_CHICK Serine peptidase inhibitor, Kazal type 5	451	GlyAnas	A0A8B9SR16	A0A8B9SR16_ANAPL von Willebrand factor	2764	86.0	23.6	6.02e-04	40	379	2233	2562
A0A8V0YW85	A0A8V0YW85_CHICK Serine peptidase inhibitor, Kazal type 5	451	GlyAnas	A0A8B9TT34	A0A8B9TT34_ANAPL Laminin subunit gamma 1	1587	86.0	21.6	6.02e-04	24	206	823	1007
A0A8V0Z1W6	A0A8V0Z1W6_CHICK Procollagen-lysine,2-oxoglutarate 5-dioxygenase 1	728	GlyAnas	A0A8B9T868	A0A8B9T868_ANAPL Procollagen-lysine,2-oxoglutarate 5-dioxygenase 1	730	3757.0	95.3	0.00e+00	1	728	1	730
A0A8V0Z3S9	A0A8V0Z3S9_CHICK Basement membrane-specific heparan sulfate proteoglycan core protein	4167	GlyAnas	A0A8B9U8F8	A0A8B9U8F8_9AVES Laminin subunit alpha-2	3075	1251.0	29.6	4.53e-138	709	1650	278	1482
A0A8V0Z3S9	A0A8V0Z3S9_CHICK Basement membrane-specific heparan sulfate proteoglycan core protein	4167	GlyAnas	R0K6C9	R0K6C9_ANAPL Titin (Fragment)	32970	1126.0	23.7	1.41e-123	1656	3454	5962	7750
A0A8V0Z3S9	A0A8V0Z3S9_CHICK Basement membrane-specific heparan sulfate proteoglycan core protein	4167	GlyAnas	A0A493T9C8	A0A493T9C8_ANAPP Laminin subunit alpha 5	3191	850.0	29.0	1.43e-91	710	1600	933	1650
A0A8V0Z3S9	A0A8V0Z3S9_CHICK Basement membrane-specific heparan sulfate proteoglycan core protein	4167	GlyAnas	A0A8B9SV12	A0A8B9SV12_ANAPL Laminin subunit alpha 5	3507	783.0	37.7	8.39e-84	1146	1652	1418	1900
A0A8V0Z3S9	A0A8V0Z3S9_CHICK Basement membrane-specific heparan sulfate proteoglycan core protein	4167	GlyAnas	A0A8B9SYM3	A0A8B9SYM3_ANAPL Agrin	1983	778.0	31.1	3.19e-83	3465	4165	1328	1980
A0A8V0Z5X2	A0A8V0Z5X2_CHICK Prosaposin	541	GlyAnas	A0A8B9R8Y2	A0A8B9R8Y2_ANAPL Prosaposin	515	2549.0	88.9	1.81e-289	1	541	1	515
A0A8V0Z932	A0A8V0Z932_CHICK Vitellogenin 2	1864	GlyAnas	A0A493TF01	A0A493TF01_ANAPP Uncharacterized protein	1803	7870.0	81.9	0.00e+00	11	1864	1	1803
A0A8V0Z932	A0A8V0Z932_CHICK Vitellogenin 2	1864	GlyAnas	A0A8B9VNY9	A0A8B9VNY9_9AVES Phosvitin	1824	3105.0	36.1	0.00e+00	11	1863	1	1824
A0A8V0Z932	A0A8V0Z932_CHICK Vitellogenin 2	1864	GlyAnas	A0A493SUM6	A0A493SUM6_ANAPP G-patch domain containing 8	1473	191.0	27.5	1.66e-15	1088	1381	618	942
A0A8V0Z932	A0A8V0Z932_CHICK Vitellogenin 2	1864	GlyAnas	A0A8B9SR16	A0A8B9SR16_ANAPL von Willebrand factor	2764	147.0	26.8	2.10e-10	1588	1764	13	178
A0A8V0Z932	A0A8V0Z932_CHICK Vitellogenin 2	1864	GlyAnas	A0A8B9UL04	A0A8B9UL04_9AVES Uncharacterized protein	1538	141.0	27.9	1.04e-09	1119	1306	747	947
A0A8V0ZA93	A0A8V0ZA93_CHICK hyaluronoglucosaminidase	1359	GlyAnas	A0A8B9V707	A0A8B9V707_9AVES hyaluronoglucosaminidase	1365	6948.0	95.3	0.00e+00	17	1359	23	1365
A0A8V0ZA93	A0A8V0ZA93_CHICK hyaluronoglucosaminidase	1359	GlyAnas	A0A8B9UUB6	A0A8B9UUB6_9AVES VWFD domain-containing protein	3275	109.0	26.1	3.91e-06	311	415	1335	1448
A0A8V0ZA93	A0A8V0ZA93_CHICK hyaluronoglucosaminidase	1359	GlyAnas	A0A8B9UQR5	A0A8B9UQR5_9AVES Mucin-5AC	2637	100.0	22.9	4.32e-05	310	519	1276	1548
A0A8V0ZA93	A0A8V0ZA93_CHICK hyaluronoglucosaminidase	1359	GlyAnas	A0A8B9QNN8	A0A8B9QNN8_ANAPL Mucin-5AC	3271	98.0	29.3	7.37e-05	309	422	1596	1717
A0A8V0ZKI3	A0A8V0ZKI3_CHICK Laminin subunit alpha-5	3686	GlyAnas	A0A493T9C8	A0A493T9C8_ANAPP Laminin subunit alpha 5	3191	15517.0	91.0	0.00e+00	512	3633	1	3124
A0A8V0ZKI3	A0A8V0ZKI3_CHICK Laminin subunit alpha-5	3686	GlyAnas	A0A8B9SV12	A0A8B9SV12_ANAPL Laminin subunit alpha 5	3507	15166.0	78.2	0.00e+00	1	3686	1	3507
A0A8V0ZKI3	A0A8V0ZKI3_CHICK Laminin subunit alpha-5	3686	GlyAnas	A0A8B9U8F8	A0A8B9U8F8_9AVES Laminin subunit alpha-2	3075	2376.0	24.7	1.42e-268	37	3608	15	2995
A0A8V0ZKI3	A0A8V0ZKI3_CHICK Laminin subunit alpha-5	3686	GlyAnas	A0A8B9U691	A0A8B9U691_9AVES Laminin subunit alpha 3	1465	2068.0	30.6	7.35e-233	1843	3684	10	1463
A0A8V0ZKI3	A0A8V0ZKI3_CHICK Laminin subunit alpha-5	3686	GlyAnas	A0A8B9TT34	A0A8B9TT34_ANAPL Laminin subunit gamma 1	1587	1369.0	29.0	8.31e-152	1431	2663	279	1512
A0A8V0ZNE4	A0A8V0ZNE4_CHICK VWFD domain-containing protein	2139	GlyAnas	A0A8B9UQR5	A0A8B9UQR5_9AVES Mucin-5AC	2637	9269.0	83.8	0.00e+00	73	2039	12	1980
A0A8V0ZNE4	A0A8V0ZNE4_CHICK VWFD domain-containing protein	2139	GlyAnas	A0A8B9UUB6	A0A8B9UUB6_9AVES VWFD domain-containing protein	3275	6220.0	43.1	0.00e+00	1	2133	1	2923
A0A8V0ZNE4	A0A8V0ZNE4_CHICK VWFD domain-containing protein	2139	GlyAnas	A0A8B9QTY5	A0A8B9QTY5_ANAPL VWFD domain-containing protein	610	2365.0	66.6	1.55e-267	637	1241	17	603
A0A8V0ZNE4	A0A8V0ZNE4_CHICK VWFD domain-containing protein	2139	GlyAnas	A0A8B9QNN8	A0A8B9QNN8_ANAPL Mucin-5AC	3271	2099.0	42.4	1.08e-236	1195	2139	512	1523
A0A8V0ZNE4	A0A8V0ZNE4_CHICK VWFD domain-containing protein	2139	GlyAnas	A0A8B9SR16	A0A8B9SR16_ANAPL von Willebrand factor	2764	2027.0	33.9	2.42e-228	83	1264	20	1208
A0A8V0ZTX8	A0A8V0ZTX8_CHICK Ovostatin	1492	GlyAnas	A0A8B9ZTS4	A0A8B9ZTS4_9AVES Ovostatin	1454	6483.0	83.8	0.00e+00	35	1492	1	1454
A0A8V0ZTX8	A0A8V0ZTX8_CHICK Ovostatin	1492	GlyAnas	A0A8B9TA08	A0A8B9TA08_ANAPL Ovostatin	1445	3712.0	50.9	0.00e+00	34	1487	14	1436
A0A8V0ZTX8	A0A8V0ZTX8_CHICK Ovostatin	1492	GlyAnas	A0A8B9U4F1	A0A8B9U4F1_9AVES Alpha-2-macroglobulin	1537	3185.0	44.6	0.00e+00	50	1475	27	1462
A0A8V0ZTX8	A0A8V0ZTX8_CHICK Ovostatin	1492	GlyAnas	A0A8B9U1L6	A0A8B9U1L6_9AVES Alpha-2-macroglobulin-like protein 1	765	1050.0	33.6	3.29e-115	292	1040	4	749
A0A8V0ZV19	A0A8V0ZV19_CHICK Sulfatase 2	855	GlyAnas	A0A493SYJ2	A0A493SYJ2_ANAPP Sulfatase 2	860	4503.0	97.6	0.00e+00	1	848	1	850
A0A8V0ZV62	A0A8V0ZV62_CHICK Sortilin	782	GlyAnas	A0A493TER4	A0A493TER4_ANAPP Sortilin	574	2907.0	94.2	0.00e+00	91	661	4	574
A0A8V0ZV62	A0A8V0ZV62_CHICK Sortilin	782	GlyAnas	A0A8B9SQA9	A0A8B9SQA9_ANAPL Sortilin-related receptor	2160	697.0	31.1	1.48e-74	43	687	51	711
A0A8V0ZXF2	A0A8V0ZXF2_CHICK Immunoglobulin lambda-like polypeptide 1	230	GlyAnas	A0A8B9SH23	A0A8B9SH23_ANAPL Ig-like domain-containing protein	526	163.0	26.7	3.62e-13	11	228	238	468
A0A8V0ZXF2	A0A8V0ZXF2_CHICK Immunoglobulin lambda-like polypeptide 1	230	GlyAnas	A0A8B9Z990	A0A8B9Z990_ANAPL Ig-like domain-containing protein	339	163.0	29.3	3.62e-13	58	228	134	318
A0A8V0ZXF2	A0A8V0ZXF2_CHICK Immunoglobulin lambda-like polypeptide 1	230	GlyAnas	A0A8B9V9H7	A0A8B9V9H7_9AVES Ig-like domain-containing protein	436	151.0	36.2	8.92e-12	139	222	111	204
A0A8V0ZXF2	A0A8V0ZXF2_CHICK Immunoglobulin lambda-like polypeptide 1	230	GlyAnas	A0A8B9QZ49	A0A8B9QZ49_ANAPL Ig-like domain-containing protein	458	129.0	32.6	3.17e-09	133	216	334	422
A0A8V0ZXF2	A0A8V0ZXF2_CHICK Immunoglobulin lambda-like polypeptide 1	230	GlyAnas	A0A8B9SLE4	A0A8B9SLE4_ANAPL Ig-like domain-containing protein	123	95.0	33.0	2.78e-05	32	118	22	123
A0A8V1A049	A0A8V1A049_CHICK Mucin-5AC	885	GlyAnas	A0A8B9QNN8	A0A8B9QNN8_ANAPL Mucin-5AC	3271	4135.0	81.4	0.00e+00	1	885	2401	3271
A0A8V1A049	A0A8V1A049_CHICK Mucin-5AC	885	GlyAnas	R0L6N3	R0L6N3_ANAPL Mucin-5AC (Fragment)	723	3521.0	82.9	0.00e+00	143	883	3	722
A0A8V1A049	A0A8V1A049_CHICK Mucin-5AC	885	GlyAnas	A0A8B9UQR5	A0A8B9UQR5_9AVES Mucin-5AC	2637	2286.0	52.2	9.29e-259	1	866	1919	2619
A0A8V1A049	A0A8V1A049_CHICK Mucin-5AC	885	GlyAnas	A0A8B9SR16	A0A8B9SR16_ANAPL von Willebrand factor	2764	634.0	25.2	3.38e-67	135	863	1836	2625
A0A8V1A049	A0A8V1A049_CHICK Mucin-5AC	885	GlyAnas	A0A8B9UUB6	A0A8B9UUB6_9AVES VWFD domain-containing protein	3275	347.0	28.4	6.43e-34	172	569	857	1263
A0A8V1A407	A0A8V1A407_CHICK Pleckstrin homology domain containing A6	1108	GlyAnas	R0K6C9	R0K6C9_ANAPL Titin (Fragment)	32970	139.0	20.3	1.06e-09	193	1070	8995	9885
A0A8V1A407	A0A8V1A407_CHICK Pleckstrin homology domain containing A6	1108	GlyAnas	A0A8B9TAA9	A0A8B9TAA9_ANAPL Spectrin repeat containing nuclear envelope protein 1	8359	106.0	20.3	7.10e-06	559	1076	1007	1509
A0A8V1A407	A0A8V1A407_CHICK Pleckstrin homology domain containing A6	1108	GlyAnas	A0A493T9C8	A0A493T9C8_ANAPP Laminin subunit alpha 5	3191	92.0	20.5	2.98e-04	513	730	1911	2155
A0A8V1A6Y9	A0A8V1A6Y9_CHICK Ovotransferrin	697	GlyAnas	A0A493TBB4	A0A493TBB4_ANAPP Ovotransferrin	736	3100.0	81.8	0.00e+00	15	697	45	736
A0A8V1AC48	A0A8V1AC48_CHICK Semaphorin 3G	761	GlyAnas	A0A493STK1	A0A493STK1_ANAPP ubiquitinyl hydrolase 1	1367	3187.0	89.3	0.00e+00	3	663	4	662
A0A8V1AC48	A0A8V1AC48_CHICK Semaphorin 3G	761	GlyAnas	A0A8B9U577	A0A8B9U577_9AVES Semaphorin-3C	782	1603.0	46.1	1.26e-179	18	714	52	740
A0A8V1AC48	A0A8V1AC48_CHICK Semaphorin 3G	761	GlyAnas	A0A8B9TMM6	A0A8B9TMM6_ANAPL Semaphorin 3B	668	1568.0	52.2	1.44e-175	16	614	57	650
A0A8V1AC48	A0A8V1AC48_CHICK Semaphorin 3G	761	GlyAnas	A0A8B9SJW6	A0A8B9SJW6_ANAPL Semaphorin-3D	747	1523.0	43.5	2.38e-170	22	760	37	746
A0A8V1AC48	A0A8V1AC48_CHICK Semaphorin 3G	761	GlyAnas	A0A8B9V535	A0A8B9V535_9AVES Semaphorin 4G	850	882.0	34.7	5.08e-96	22	675	33	659
A0A8V1AH71	A0A8V1AH71_CHICK Orosomucoid 1 (ovoglycoprotein)	265	GlyAnas	A0A493TZ56	A0A493TZ56_ANAPP Uncharacterized protein	335	738.0	61.4	8.81e-80	5	243	6	244
A0A8V1AHD4	A0A8V1AHD4_CHICK Smoothelin like 2	427	GlyAnas	A0A8B9TAA9	A0A8B9TAA9_ANAPL Spectrin repeat containing nuclear envelope protein 1	8359	149.0	29.7	2.82e-11	318	425	242	350
P01012	OVAL_CHICK Ovalbumin	386	GlyAnas	A0A8B9QNT8	A0A8B9QNT8_ANAPL Ovalbumin	386	1628.0	81.9	8.07e-183	1	386	1	386
P01012	OVAL_CHICK Ovalbumin	386	GlyAnas	U3IKY8	U3IKY8_ANAPP Serpin domain-containing protein	388	1293.0	62.9	5.66e-144	1	386	1	388
P01012	OVAL_CHICK Ovalbumin	386	GlyAnas	A0A8B9UXD7	A0A8B9UXD7_9AVES Serpin domain-containing protein	393	1263.0	62.3	1.70e-140	1	386	1	393
P01012	OVAL_CHICK Ovalbumin	386	GlyAnas	A0A493T078	A0A493T078_ANAPP Serpin family I member 1	425	525.0	31.3	6.42e-55	10	386	43	412
P01012	OVAL_CHICK Ovalbumin	386	GlyAnas	A0A8B9UUI8	A0A8B9UUI8_9AVES Serpin domain-containing protein	419	465.0	32.9	5.82e-48	5	386	50	416
P02552	TBA1A_CHICK Tubulin alpha-1A chain	451	GlyAnas	A0A8B9SWD8	A0A8B9SWD8_ANAPL Tubulin epsilon 1	473	579.0	28.0	4.10e-61	1	442	1	460
Q98UI9	MUC5B_CHICK Mucin-5B	2108	GlyAnas	A0A8B9UQR5	A0A8B9UQR5_9AVES Mucin-5AC	2637	3524.0	31.1	0.00e+00	38	1831	22	2511
Q98UI9	MUC5B_CHICK Mucin-5B	2108	GlyAnas	A0A8B9UUB6	A0A8B9UUB6_9AVES VWFD domain-containing protein	3275	3402.0	46.5	0.00e+00	38	1276	80	1333
Q98UI9	MUC5B_CHICK Mucin-5B	2108	GlyAnas	A0A8B9SR16	A0A8B9SR16_ANAPL von Willebrand factor	2764	2146.0	25.0	3.79e-242	36	2014	18	2532
Q98UI9	MUC5B_CHICK Mucin-5B	2108	GlyAnas	A0A8B9QNN8	A0A8B9QNN8_ANAPL Mucin-5AC	3271	1650.0	36.9	1.24e-184	1236	2103	2412	3256
Q98UI9	MUC5B_CHICK Mucin-5B	2108	GlyAnas	A0A8B9QTY5	A0A8B9QTY5_ANAPL VWFD domain-containing protein	610	1650.0	46.4	1.24e-184	581	1203	2	605
R4GFJ0	R4GFJ0_CHICK Carboxypeptidase E	469	GlyAnas	A0A8B9QRE5	A0A8B9QRE5_ANAPL Carboxypeptidase E	532	2403.0	97.0	1.33e-272	1	469	67	532
R4GFJ0	R4GFJ0_CHICK Carboxypeptidase E	469	GlyAnas	U3IQ52	U3IQ52_ANAPP Carboxypeptidase D	1392	1005.0	48.4	1.71e-110	13	453	486	893
R4GFJ0	R4GFJ0_CHICK Carboxypeptidase E	469	GlyAnas	A0A8B9SRR4	A0A8B9SRR4_ANAPL AE binding protein 1	442	816.0	45.7	1.41e-88	62	419	45	390
R4GFJ0	R4GFJ0_CHICK Carboxypeptidase E	469	GlyAnas	A0A493TA36	A0A493TA36_ANAPP Carboxypeptidase M	443	802.0	43.6	5.91e-87	36	435	15	386
V5NUE7	V5NUE7_CHICK Ovocleidin-17	161	GlyAnas	A0A8B9TFJ7	A0A8B9TFJ7_ANAPL Mannose receptor C type 2	1414	151.0	32.5	6.24e-12	15	158	650	796
V5NUE7	V5NUE7_CHICK Ovocleidin-17	161	GlyAnas	A0A8B9TTS0	A0A8B9TTS0_ANAPL Lymphocyte antigen 75	1703	133.0	29.4	7.63e-10	22	158	212	339
V5NUE7	V5NUE7_CHICK Ovocleidin-17	161	GlyAnas	A0A493T4Z0	A0A493T4Z0_ANAPP C-type lectin domain-containing protein	208	93.0	23.9	3.32e-05	24	157	83	192
A0A8V0YB27	A0A8V0YB27_CHICK Laminin subunit gamma 1	1593	GlyAnas	A0A8B9TT34	A0A8B9TT34_ANAPL Laminin subunit gamma 1	1587	8045.0	93.0	0.00e+00	5	1593	4	1587
A0A8V0YB27	A0A8V0YB27_CHICK Laminin subunit gamma 1	1593	GlyAnas	A0A8B9U8F8	A0A8B9U8F8_9AVES Laminin subunit alpha-2	3075	1675.0	36.2	1.18e-187	46	1015	21	1032
A0A8V0YB27	A0A8V0YB27_CHICK Laminin subunit gamma 1	1593	GlyAnas	A0A493TFF5	A0A493TFF5_ANAPP Laminin subunit beta-1	1699	1531.0	26.9	5.90e-171	100	1580	12	1667
A0A8V0YB27	A0A8V0YB27_CHICK Laminin subunit gamma 1	1593	GlyAnas	A0A8B9VAE3	A0A8B9VAE3_9AVES Laminin subunit beta 2	1749	1508.0	27.2	2.74e-168	13	1560	3	1746
A0A8V0YB27	A0A8V0YB27_CHICK Laminin subunit gamma 1	1593	GlyAnas	A0A493T9C8	A0A493T9C8_ANAPP Laminin subunit alpha 5	3191	1357.0	28.4	8.85e-151	280	1518	920	2152
A0A8V0YYS9	A0A8V0YYS9_CHICK procollagen-lysine 5-dioxygenase	756	GlyAnas	A0A8B9T868	A0A8B9T868_ANAPL Procollagen-lysine,2-oxoglutarate 5-dioxygenase 1	730	2460.0	58.9	5.29e-279	8	756	3	730
A0A8V0ZCK4	A0A8V0ZCK4_CHICK TOPBP1 interacting checkpoint and replication regulator	1863	GlyAnas	A0A8B9UW68	A0A8B9UW68_9AVES TOPBP1 interacting checkpoint and replication regulator	1911	6780.0	75.3	0.00e+00	60	1862	18	1836
A0A8V0ZCK4	A0A8V0ZCK4_CHICK TOPBP1 interacting checkpoint and replication regulator	1863	GlyAnas	A0A8B9UUB6	A0A8B9UUB6_9AVES VWFD domain-containing protein	3275	106.0	18.6	1.19e-05	1026	1715	1451	2134
A0A8V0ZCK4	A0A8V0ZCK4_CHICK TOPBP1 interacting checkpoint and replication regulator	1863	GlyAnas	R0K6C9	R0K6C9_ANAPL Titin (Fragment)	32970	100.0	20.3	5.92e-05	1196	1839	10087	10720
A0A8V1A360	A0A8V1A360_CHICK Rho/Rac guanine nucleotide exchange factor 18	1549	GlyAnas	A0A8B9SQU6	A0A8B9SQU6_ANAPL Golgin subfamily A member 5	593	132.0	20.9	9.59e-09	915	1318	77	492
A0A8V1A360	A0A8V1A360_CHICK Rho/Rac guanine nucleotide exchange factor 18	1549	GlyAnas	A0A8B9QXI0	A0A8B9QXI0_ANAPL RRM domain-containing protein	651	101.0	27.4	3.77e-05	1218	1334	435	540
A0A8V1A360	A0A8V1A360_CHICK Rho/Rac guanine nucleotide exchange factor 18	1549	GlyAnas	A0A493T9C8	A0A493T9C8_ANAPP Laminin subunit alpha 5	3191	91.0	20.8	5.44e-04	990	1403	1788	2266
A0A8V1ADW6	A0A8V1ADW6_CHICK Extracellular matrix protein 1	461	GlyAnas	A0A8B9SX03	A0A8B9SX03_ANAPL Extracellular matrix protein 1	382	1206.0	70.5	8.28e-134	77	380	11	326
A0A8V1ADW6	A0A8V1ADW6_CHICK Extracellular matrix protein 1	461	GlyAnas	A0A493T5Q5	A0A493T5Q5_ANAPP Dystroglycan 1	896	99.0	28.3	1.91e-05	3	155	319	463
A0A8V1ADW6	A0A8V1ADW6_CHICK Extracellular matrix protein 1	461	GlyAnas	A0A493T607	A0A493T607_ANAPP Torsin family 1 member B	531	87.0	33.8	4.71e-04	3	81	117	188
A0A8V1ADW6	A0A8V1ADW6_CHICK Extracellular matrix protein 1	461	GlyAnas	A0A8B9U9X9	A0A8B9U9X9_9AVES Uncharacterized protein	1028	86.0	30.1	6.16e-04	14	158	396	536
A0A8V0ZUZ0	A0A8V0ZUZ0_CHICK Suppressor of tumorigenicity 14 protein homolog	828	GlyAnas	A0A493TJE2	A0A493TJE2_ANAPP Suppressor of tumorigenicity 14 protein homolog	847	3754.0	84.5	0.00e+00	1	804	16	808
A0A8V0ZUZ0	A0A8V0ZUZ0_CHICK Suppressor of tumorigenicity 14 protein homolog	828	GlyAnas	A0A8B9QNQ2	A0A8B9QNQ2_ANAPL Transmembrane protease serine 2	485	563.0	32.5	5.40e-59	414	822	91	474
A0A8V0ZUZ0	A0A8V0ZUZ0_CHICK Suppressor of tumorigenicity 14 protein homolog	828	GlyAnas	A0A8B9ZNM3	A0A8B9ZNM3_9AVES Transmembrane serine protease 13	522	520.0	34.7	5.23e-54	508	822	164	513
A0A8V0ZUZ0	A0A8V0ZUZ0_CHICK Suppressor of tumorigenicity 14 protein homolog	828	GlyAnas	A0A8B9TSC2	A0A8B9TSC2_ANAPL Complement factor I	590	518.0	29.5	8.92e-54	399	822	167	576
A0A8V0ZUZ0	A0A8V0ZUZ0_CHICK Suppressor of tumorigenicity 14 protein homolog	828	GlyAnas	A0A8B9T7P6	A0A8B9T7P6_ANAPL Acrosin	443	475.0	38.3	8.64e-49	574	828	124	383
A0A1D5PMF7	A0A1D5PMF7_CHICK Spondin-1	732	GlyColumba	A0A2I0MPF2	A0A2I0MPF2_COLLI Thrombospondin 1	997	253.0	32.8	2.12e-23	489	649	212	382
A0A1D5PT25	A0A1D5PT25_CHICK Bactericidal permeability-increasing protein	469	GlyColumba	A0A2I0M2C8	A0A2I0M2C8_COLLI Phospholipid transfer protein (Fragment)	584	369.0	24.3	4.80e-37	6	467	81	540
A0A1D5PZ68	A0A1D5PZ68_CHICK Semaphorin-3C	751	GlyColumba	A0A2I0MDB7	A0A2I0MDB7_COLLI Semaphorin-6D (Fragment)	1141	697.0	28.8	7.12e-75	48	603	98	677
A0A3Q2TZZ7	A0A3Q2TZZ7_CHICK Receptor-type tyrosine-protein phosphatase F	1904	GlyColumba	A0A2I0MC72	A0A2I0MC72_COLLI Receptor-type tyrosine-protein phosphatase F	1901	9830.0	98.5	0.00e+00	1	1904	1	1901
A0A3Q2TZZ7	A0A3Q2TZZ7_CHICK Receptor-type tyrosine-protein phosphatase F	1904	GlyColumba	A0A2I0MJN3	A0A2I0MJN3_COLLI Neuronal cell adhesion molecule	1273	532.0	25.7	2.45e-55	31	823	339	1129
A0A3Q2TZZ7	A0A3Q2TZZ7_CHICK Receptor-type tyrosine-protein phosphatase F	1904	GlyColumba	A0A2I0MTP6	A0A2I0MTP6_COLLI Collagen alpha-1(XII) chain	2482	353.0	22.4	1.40e-34	245	1074	835	1635
A0A3Q2TZZ7	A0A3Q2TZZ7_CHICK Receptor-type tyrosine-protein phosphatase F	1904	GlyColumba	A0A2I0LWB2	A0A2I0LWB2_COLLI Tenascin C, transcript variant X3	1503	349.0	23.9	4.07e-34	322	1107	564	1271
A0A3Q2TZZ7	A0A3Q2TZZ7_CHICK Receptor-type tyrosine-protein phosphatase F	1904	GlyColumba	A0A2I0LS76	A0A2I0LS76_COLLI Sortilin-related receptor	2109	176.0	20.6	4.67e-14	435	991	1470	1995
A0A3Q3ADW5	A0A3Q3ADW5_CHICK EGF like repeats and discoidin domains 3	480	GlyColumba	A0A2I0MGH1	A0A2I0MGH1_COLLI von Willebrand factor D and EGF domain-containing protein-like	1919	180.0	32.4	4.05e-15	12	167	1641	1795
A0A3Q3ADW5	A0A3Q3ADW5_CHICK EGF like repeats and discoidin domains 3	480	GlyColumba	A0A2I0LWB2	A0A2I0LWB2_COLLI Tenascin C, transcript variant X3	1503	141.0	22.9	1.35e-10	23	288	467	703
A0A3Q3ADW5	A0A3Q3ADW5_CHICK EGF like repeats and discoidin domains 3	480	GlyColumba	A0A2I0M3B3	A0A2I0M3B3_COLLI Agrin	2090	136.0	34.1	5.12e-10	77	156	1598	1676
A0A3Q3ADW5	A0A3Q3ADW5_CHICK EGF like repeats and discoidin domains 3	480	GlyColumba	A0A2I0MC29	A0A2I0MC29_COLLI Laminin, gamma 2	1143	135.0	29.0	6.69e-10	48	163	348	467
A0A3Q3ADW5	A0A3Q3ADW5_CHICK EGF like repeats and discoidin domains 3	480	GlyColumba	A0A2I0MSU1	A0A2I0MSU1_COLLI Growth arrest-specific 6	677	124.0	25.0	1.26e-08	26	147	121	265
A0A8V0X4N4	A0A8V0X4N4_CHICK Cyclin-dependent kinase-like 5	982	GlyColumba	A0A2I0LSI4	A0A2I0LSI4_COLLI non-specific serine/threonine protein kinase (Fragment)	595	226.0	22.7	3.84e-20	13	545	3	498
A0A8V0X4N4	A0A8V0X4N4_CHICK Cyclin-dependent kinase-like 5	982	GlyColumba	A0A2I0MF50	A0A2I0MF50_COLLI Proto-oncogene tyrosine-protein kinase receptor Ret	1107	176.0	24.1	2.41e-14	15	225	718	958
A0A8V0X4N4	A0A8V0X4N4_CHICK Cyclin-dependent kinase-like 5	982	GlyColumba	A0A2I0MTT3	A0A2I0MTT3_COLLI Fibronectin type III domain containing 1	1661	147.0	22.3	5.56e-11	317	961	248	888
A0A8V0X4N4	A0A8V0X4N4_CHICK Cyclin-dependent kinase-like 5	982	GlyColumba	A0A2I0MUF3	A0A2I0MUF3_COLLI Tyrosine-protein kinase receptor	2300	132.0	24.5	3.05e-09	11	220	1950	2179
A0A8V0X4N4	A0A8V0X4N4_CHICK Cyclin-dependent kinase-like 5	982	GlyColumba	A0A2I0LZN5	A0A2I0LZN5_COLLI Neuron navigator 3	2365	98.0	19.4	2.67e-05	431	956	180	652
A0A8V0XA58	A0A8V0XA58_CHICK Matrix extracellular phosphoglycoprotein	752	GlyColumba	A0A2I0MGY6	A0A2I0MGY6_COLLI Ovocleidin-116	895	851.0	35.3	9.90e-93	29	737	94	872
A0A8V0XA58	A0A8V0XA58_CHICK Matrix extracellular phosphoglycoprotein	752	GlyColumba	A0A2I0LIE3	A0A2I0LIE3_COLLI FZ domain-containing protein	1343	118.0	22.9	9.81e-08	72	640	377	884
A0A8V0XA58	A0A8V0XA58_CHICK Matrix extracellular phosphoglycoprotein	752	GlyColumba	A0A2I0LKB3	A0A2I0LKB3_COLLI Collagen, type II, alpha 1	775	91.0	23.8	1.33e-04	350	614	11	264
A0A8V0XA58	A0A8V0XA58_CHICK Matrix extracellular phosphoglycoprotein	752	GlyColumba	A0A2I0M933	A0A2I0M933_COLLI Multimerin 1	1189	88.0	24.2	2.95e-04	305	458	28	182
A0A8V0XEK3	A0A8V0XEK3_CHICK Tsukushi	429	GlyColumba	A0A2I0M2P9	A0A2I0M2P9_COLLI Tsukushi	352	1640.0	90.9	1.83e-184	78	429	1	352
A0A8V0XEK3	A0A8V0XEK3_CHICK Tsukushi	429	GlyColumba	A0A2I0LTN4	A0A2I0LTN4_COLLI Leucine-rich repeat and fibronectin type-III domain-containing protein 5	736	136.0	27.4	4.58e-10	238	389	46	205
A0A8V0XEK3	A0A8V0XEK3_CHICK Tsukushi	429	GlyColumba	A0A2I0MCK4	A0A2I0MCK4_COLLI LRRCT domain-containing protein (Fragment)	361	125.0	30.7	8.64e-09	122	270	26	172
A0A8V0Y0J2	A0A8V0Y0J2_CHICK Clusterin	503	GlyColumba	A0A2I0LJ29	A0A2I0LJ29_COLLI Clusterin N-terminal domain-containing protein (Fragment)	210	806.0	67.8	1.09e-87	85	322	1	206
A0A8V0Y614	A0A8V0Y614_CHICK Ovalbumin-related protein X (SERPINB14C)	388	GlyColumba	A0A2I0MW20	A0A2I0MW20_COLLI Ovalbumin-related protein X	388	1564.0	77.3	1.07e-175	1	388	1	388
A0A8V0Y614	A0A8V0Y614_CHICK Ovalbumin-related protein X (SERPINB14C)	388	GlyColumba	A0A1R7T3L5	A0A1R7T3L5_COLLI Ovalbumin-related protein Y	388	1350.0	65.7	7.01e-151	1	388	1	388
A0A8V0Y614	A0A8V0Y614_CHICK Ovalbumin-related protein X (SERPINB14C)	388	GlyColumba	A0A2I0MWA2	A0A2I0MWA2_COLLI Ovalbumin-like	386	1157.0	57.7	1.68e-128	1	388	1	386
A0A8V0Y614	A0A8V0Y614_CHICK Ovalbumin-related protein X (SERPINB14C)	388	GlyColumba	A0A2I0MED6	A0A2I0MED6_COLLI Antithrombin-III (Fragment)	502	546.0	35.2	1.19e-57	4	388	121	500
A0A8V0Y614	A0A8V0Y614_CHICK Ovalbumin-related protein X (SERPINB14C)	388	GlyColumba	A0A2I0MP02	A0A2I0MP02_COLLI Serpin peptidase inhibitor, clade A (Alpha-1 antiproteinase, antitrypsin), member 10, transcript variant X2	439	395.0	28.4	3.84e-40	9	388	76	436
A0A8V0YDB7	A0A8V0YDB7_CHICK Signal peptide, CUB domain and EGF like domain containing 1	988	GlyColumba	A0A2I0MKA0	A0A2I0MKA0_COLLI Signal peptide, CUB domain, EGF-like 1	981	5480.0	98.1	0.00e+00	1	988	1	981
A0A8V0YDB7	A0A8V0YDB7_CHICK Signal peptide, CUB domain and EGF like domain containing 1	988	GlyColumba	A0A2I0MKZ6	A0A2I0MKZ6_COLLI Vitamin K-dependent protein S	619	318.0	40.0	8.30e-31	41	200	81	235
A0A8V0YDB7	A0A8V0YDB7_CHICK Signal peptide, CUB domain and EGF like domain containing 1	988	GlyColumba	A0A2I0MSU1	A0A2I0MSU1_COLLI Growth arrest-specific 6	677	234.0	33.0	4.56e-21	225	408	96	288
A0A8V0YDB7	A0A8V0YDB7_CHICK Signal peptide, CUB domain and EGF like domain containing 1	988	GlyColumba	A0A2I0LWB2	A0A2I0LWB2_COLLI Tenascin C, transcript variant X3	1503	201.0	25.8	3.06e-17	2	349	215	554
A0A8V0YDB7	A0A8V0YDB7_CHICK Signal peptide, CUB domain and EGF like domain containing 1	988	GlyColumba	A0A2I0MGH1	A0A2I0MGH1_COLLI von Willebrand factor D and EGF domain-containing protein-like	1919	157.0	26.0	3.87e-12	33	350	1606	1874
A0A8V0YDD6	A0A8V0YDD6_CHICK Fibronectin	2392	GlyColumba	A0A2I0MTP6	A0A2I0MTP6_COLLI Collagen alpha-1(XII) chain	2482	934.0	23.8	7.48e-102	616	2017	180	1677
A0A8V0YDD6	A0A8V0YDD6_CHICK Fibronectin	2392	GlyColumba	A0A2I0LWB2	A0A2I0LWB2_COLLI Tenascin C, transcript variant X3	1503	773.0	29.4	3.49e-83	1100	1814	571	1275
A0A8V0YDD6	A0A8V0YDD6_CHICK Fibronectin	2392	GlyColumba	A0A2I0MC72	A0A2I0MC72_COLLI Receptor-type tyrosine-protein phosphatase F	1901	398.0	21.9	1.06e-39	614	1676	187	1226
A0A8V0YDD6	A0A8V0YDD6_CHICK Fibronectin	2392	GlyColumba	A0A2I0MJN3	A0A2I0MJN3_COLLI Neuronal cell adhesion molecule	1273	244.0	23.2	7.65e-22	1405	1886	570	1103
A0A8V0YDD6	A0A8V0YDD6_CHICK Fibronectin	2392	GlyColumba	A0A2I0MTT3	A0A2I0MTT3_COLLI Fibronectin type III domain containing 1	1661	157.0	23.1	9.38e-12	1300	1806	46	554
A0A8V0YJ25	A0A8V0YJ25_CHICK Ovalbumin-related protein Y (SERPINB14B)	422	GlyColumba	A0A1R7T3L5	A0A1R7T3L5_COLLI Ovalbumin-related protein Y	388	1375.0	65.5	9.62e-154	35	422	1	388
A0A8V0YJ25	A0A8V0YJ25_CHICK Ovalbumin-related protein Y (SERPINB14B)	422	GlyColumba	A0A2I0MW20	A0A2I0MW20_COLLI Ovalbumin-related protein X	388	1346.0	65.5	2.22e-150	35	422	1	388
A0A8V0YJ25	A0A8V0YJ25_CHICK Ovalbumin-related protein Y (SERPINB14B)	422	GlyColumba	A0A2I0MWA2	A0A2I0MWA2_COLLI Ovalbumin-like	386	1157.0	55.9	1.83e-128	35	422	1	386
A0A8V0YJ25	A0A8V0YJ25_CHICK Ovalbumin-related protein Y (SERPINB14B)	422	GlyColumba	A0A2I0MED6	A0A2I0MED6_COLLI Antithrombin-III (Fragment)	502	535.0	32.9	2.44e-56	34	422	117	500
A0A8V0YJ25	A0A8V0YJ25_CHICK Ovalbumin-related protein Y (SERPINB14B)	422	GlyColumba	A0A2I0MP02	A0A2I0MP02_COLLI Serpin peptidase inhibitor, clade A (Alpha-1 antiproteinase, antitrypsin), member 10, transcript variant X2	439	394.0	27.6	5.46e-40	32	422	65	436
A0A8V0YMM6	A0A8V0YMM6_CHICK Chordin	1188	GlyColumba	A0A2I0MPF2	A0A2I0MPF2_COLLI Thrombospondin 1	997	125.0	23.3	2.39e-08	937	1174	142	393
A0A8V0YMM6	A0A8V0YMM6_CHICK Chordin	1188	GlyColumba	A0A2I0MHJ6	A0A2I0MHJ6_COLLI Mucin-5AC (Fragment)	736	92.0	23.6	1.60e-04	904	1170	347	623
A0A8V0YNU8	A0A8V0YNU8_CHICK Collagen alpha-2(VI) chain	974	GlyColumba	A0A2I0LKB3	A0A2I0LKB3_COLLI Collagen, type II, alpha 1	775	563.0	44.7	3.19e-59	256	538	26	312
A0A8V0YNU8	A0A8V0YNU8_CHICK Collagen alpha-2(VI) chain	974	GlyColumba	A0A2I0LIE3	A0A2I0LIE3_COLLI FZ domain-containing protein	1343	525.0	37.0	8.12e-55	256	535	640	977
A0A8V0YNU8	A0A8V0YNU8_CHICK Collagen alpha-2(VI) chain	974	GlyColumba	A0A2I0MTP6	A0A2I0MTP6_COLLI Collagen alpha-1(XII) chain	2482	469.0	34.1	2.53e-48	235	540	2089	2410
A0A8V0YNU8	A0A8V0YNU8_CHICK Collagen alpha-2(VI) chain	974	GlyColumba	A0A2I0MKW7	A0A2I0MKW7_COLLI von Willebrand factor	2805	196.0	23.2	1.15e-16	566	974	1489	1861
A0A8V0YNU8	A0A8V0YNU8_CHICK Collagen alpha-2(VI) chain	974	GlyColumba	A0A2I0MGY6	A0A2I0MGY6_COLLI Ovocleidin-116	895	115.0	30.3	2.83e-07	327	531	675	884
A0A8V0YPM0	A0A8V0YPM0_CHICK Serine peptidase inhibitor, Kazal type 7 (putative)	241	GlyColumba	A0A2I0LWI9	A0A2I0LWI9_COLLI Ovomucoid	207	730.0	59.5	3.41e-79	32	241	1	207
A0A8V0YPM0	A0A8V0YPM0_CHICK Serine peptidase inhibitor, Kazal type 7 (putative)	241	GlyColumba	A0A2I0LWJ2	A0A2I0LWJ2_COLLI Ovomucoid	470	507.0	49.7	2.46e-53	58	241	287	470
A0A8V0YPM0	A0A8V0YPM0_CHICK Serine peptidase inhibitor, Kazal type 7 (putative)	241	GlyColumba	A0A2I0M3B3	A0A2I0M3B3_COLLI Agrin	2090	205.0	27.3	2.57e-18	77	241	427	613
A0A8V0YUU0	A0A8V0YUU0_CHICK Acid ceramidase	376	GlyColumba	A0A2I0MLY9	A0A2I0MLY9_COLLI Acid ceramidase	361	1715.0	88.9	3.22e-193	35	376	1	361
A0A8V0YV77	A0A8V0YV77_CHICK HGF activator	583	GlyColumba	A0A2I0LVH6	A0A2I0LVH6_COLLI Suppressor of tumorigenicity 14 protein homolog	845	390.0	37.6	2.19e-39	333	576	597	842
A0A8V0YV77	A0A8V0YV77_CHICK HGF activator	583	GlyColumba	A0A2I0MI18	A0A2I0MI18_COLLI Ovochymase 2	629	368.0	33.6	7.80e-37	339	578	40	290
A0A8V0YV77	A0A8V0YV77_CHICK HGF activator	583	GlyColumba	A0A2I0M4F3	A0A2I0M4F3_COLLI Coagulation factor IX	463	368.0	30.6	7.80e-37	176	575	85	458
A0A8V0YV77	A0A8V0YV77_CHICK HGF activator	583	GlyColumba	A0A2I0M2D5	A0A2I0M2D5_COLLI Haptoglobin	301	212.0	26.9	9.58e-19	326	577	49	298
A0A8V0YV77	A0A8V0YV77_CHICK HGF activator	583	GlyColumba	A0A2I0LGB4	A0A2I0LGB4_COLLI Trypsin (Fragment)	177	145.0	33.6	5.63e-11	388	527	6	136
A0A8V0YW85	A0A8V0YW85_CHICK Serine peptidase inhibitor, Kazal type 5	451	GlyColumba	A0A2I0LWJ2	A0A2I0LWJ2_COLLI Ovomucoid	470	1937.0	74.8	6.99e-219	4	451	25	470
A0A8V0YW85	A0A8V0YW85_CHICK Serine peptidase inhibitor, Kazal type 5	451	GlyColumba	A0A2I0LWI9	A0A2I0LWI9_COLLI Ovomucoid	207	447.0	46.5	4.17e-46	268	451	26	207
A0A8V0YW85	A0A8V0YW85_CHICK Serine peptidase inhibitor, Kazal type 5	451	GlyColumba	A0A2I0M3B3	A0A2I0M3B3_COLLI Agrin	2090	420.0	29.5	5.63e-43	23	451	279	743
A0A8V0Z1W6	A0A8V0Z1W6_CHICK Procollagen-lysine,2-oxoglutarate 5-dioxygenase 1	728	GlyColumba	A0A2I0M302	A0A2I0M302_COLLI Procollagen-lysine,2-oxoglutarate 5-dioxygenase 1 (Fragment)	819	3706.0	94.0	0.00e+00	1	728	90	819
A0A8V0Z3S9	A0A8V0Z3S9_CHICK Basement membrane-specific heparan sulfate proteoglycan core protein	4167	GlyColumba	A0A2I0M3B3	A0A2I0M3B3_COLLI Agrin	2090	823.0	31.5	9.68e-89	3452	4165	1411	2087
A0A8V0Z3S9	A0A8V0Z3S9_CHICK Basement membrane-specific heparan sulfate proteoglycan core protein	4167	GlyColumba	A0A2I0MCI7	A0A2I0MCI7_COLLI Laminin, gamma 1 (Formerly LAMB2) (Fragment)	1541	747.0	30.7	6.29e-80	718	1309	237	869
A0A8V0Z3S9	A0A8V0Z3S9_CHICK Basement membrane-specific heparan sulfate proteoglycan core protein	4167	GlyColumba	A0A2I0MC29	A0A2I0MC29_COLLI Laminin, gamma 2	1143	580.0	32.6	1.46e-60	767	1309	21	536
A0A8V0Z3S9	A0A8V0Z3S9_CHICK Basement membrane-specific heparan sulfate proteoglycan core protein	4167	GlyColumba	A0A2I0MJN3	A0A2I0MJN3_COLLI Neuronal cell adhesion molecule	1273	394.0	26.0	5.39e-39	2914	3452	46	614
A0A8V0Z3S9	A0A8V0Z3S9_CHICK Basement membrane-specific heparan sulfate proteoglycan core protein	4167	GlyColumba	A0A2I0LS76	A0A2I0LS76_COLLI Sortilin-related receptor	2109	363.0	37.7	2.12e-35	200	393	974	1169
A0A8V0Z5X2	A0A8V0Z5X2_CHICK Prosaposin	541	GlyColumba	A0A2I0MFB5	A0A2I0MFB5_COLLI Proactivator polypeptide, transcript variant X1	285	1199.0	89.9	3.16e-133	15	262	9	256
A0A8V0Z5X2	A0A8V0Z5X2_CHICK Prosaposin	541	GlyColumba	A0A2I0LZH8	A0A2I0LZH8_COLLI Acyloxyacyl hydrolase (Neutrophil)	582	105.0	23.8	2.27e-06	402	499	19	121
A0A8V0Z932	A0A8V0Z932_CHICK Vitellogenin 2	1864	GlyColumba	A0A2I0MDU8	A0A2I0MDU8_COLLI Vitellogenin-2-like	1192	5053.0	81.1	0.00e+00	11	1202	1	1189
A0A8V0Z932	A0A8V0Z932_CHICK Vitellogenin 2	1864	GlyColumba	A0A2I0ME42	A0A2I0ME42_COLLI Vitellogenin-2-like	1717	4424.0	47.0	0.00e+00	11	1862	1	1715
A0A8V0Z932	A0A8V0Z932_CHICK Vitellogenin 2	1864	GlyColumba	A0A2I0MDV9	A0A2I0MDV9_COLLI Vitellogenin-1	1406	2301.0	37.2	1.79e-260	11	1349	1	1324
A0A8V0Z932	A0A8V0Z932_CHICK Vitellogenin 2	1864	GlyColumba	A0A2I0MTT3	A0A2I0MTT3_COLLI Fibronectin type III domain containing 1	1661	159.0	27.2	4.28e-12	1099	1330	520	747
A0A8V0Z932	A0A8V0Z932_CHICK Vitellogenin 2	1864	GlyColumba	A0A2I0LZN5	A0A2I0LZN5_COLLI Neuron navigator 3	2365	147.0	26.7	1.06e-10	1097	1378	1124	1439
A0A8V0ZA93	A0A8V0ZA93_CHICK hyaluronoglucosaminidase	1359	GlyColumba	A0A2I0MHQ6	A0A2I0MHQ6_COLLI Mucin-2 (Fragment)	1484	89.0	26.5	4.09e-04	320	422	1311	1426
A0A8V0ZKI3	A0A8V0ZKI3_CHICK Laminin subunit alpha-5	3686	GlyColumba	A0A2I0MCI7	A0A2I0MCI7_COLLI Laminin, gamma 1 (Formerly LAMB2) (Fragment)	1541	1364.0	28.9	1.59e-151	1450	2663	237	1466
A0A8V0ZKI3	A0A8V0ZKI3_CHICK Laminin subunit alpha-5	3686	GlyColumba	A0A2I0MC29	A0A2I0MC29_COLLI Laminin, gamma 2	1143	765.0	24.6	4.55e-82	1490	2691	20	1125
A0A8V0ZKI3	A0A8V0ZKI3_CHICK Laminin subunit alpha-5	3686	GlyColumba	A0A2I0M3B3	A0A2I0M3B3_COLLI Agrin	2090	277.0	22.5	1.76e-25	296	857	347	1007
A0A8V0ZKI3	A0A8V0ZKI3_CHICK Laminin subunit alpha-5	3686	GlyColumba	A0A2I0LWB2	A0A2I0LWB2_COLLI Tenascin C, transcript variant X3	1503	233.0	24.7	2.22e-20	390	856	176	560
A0A8V0ZKI3	A0A8V0ZKI3_CHICK Laminin subunit alpha-5	3686	GlyColumba	A0A2I0MGH1	A0A2I0MGH1_COLLI von Willebrand factor D and EGF domain-containing protein-like	1919	208.0	28.6	1.76e-17	1878	2142	1638	1896
A0A8V0ZNE4	A0A8V0ZNE4_CHICK VWFD domain-containing protein	2139	GlyColumba	A0A2I0MHQ6	A0A2I0MHQ6_COLLI Mucin-2 (Fragment)	1484	3834.0	46.6	0.00e+00	72	1527	23	1478
A0A8V0ZNE4	A0A8V0ZNE4_CHICK VWFD domain-containing protein	2139	GlyColumba	A0A2I0MKW7	A0A2I0MKW7_COLLI von Willebrand factor	2805	2030.0	33.7	5.45e-229	83	1264	33	1234
A0A8V0ZNE4	A0A8V0ZNE4_CHICK VWFD domain-containing protein	2139	GlyColumba	A0A2I0MHJ6	A0A2I0MHJ6_COLLI Mucin-5AC (Fragment)	736	373.0	29.4	7.53e-37	897	1271	52	425
A0A8V0ZNE4	A0A8V0ZNE4_CHICK VWFD domain-containing protein	2139	GlyColumba	A0A2I0LHH6	A0A2I0LHH6_COLLI Putative LOC102096224	812	137.0	36.8	1.75e-09	1760	1883	51	177
A0A8V0ZNE4	A0A8V0ZNE4_CHICK VWFD domain-containing protein	2139	GlyColumba	A0A2I0MTT3	A0A2I0MTT3_COLLI Fibronectin type III domain containing 1	1661	114.0	31.8	8.12e-07	1771	1895	1222	1363
A0A8V0ZTX8	A0A8V0ZTX8_CHICK Ovostatin	1492	GlyColumba	A0A2I0LXV9	A0A2I0LXV9_COLLI Ovostatin	1448	6162.0	79.0	0.00e+00	35	1492	1	1448
A0A8V0ZTX8	A0A8V0ZTX8_CHICK Ovostatin	1492	GlyColumba	A0A2I0LXW7	A0A2I0LXW7_COLLI Ovostatin	1474	3819.0	51.5	0.00e+00	34	1487	19	1466
A0A8V0ZTX8	A0A8V0ZTX8_CHICK Ovostatin	1492	GlyColumba	A0A2I0MS36	A0A2I0MS36_COLLI Complement C4	1684	869.0	24.6	1.61e-94	40	1476	4	1506
A0A8V0ZTX8	A0A8V0ZTX8_CHICK Ovostatin	1492	GlyColumba	A0A2I0LIT5	A0A2I0LIT5_COLLI NTR domain-containing protein	858	471.0	28.1	2.27e-48	789	1357	81	628
A0A8V0ZTX8	A0A8V0ZTX8_CHICK Ovostatin	1492	GlyColumba	A0A2I0LG85	A0A2I0LG85_COLLI Alpha-2-macroglobulin-like protein 1 (Fragment)	101	118.0	28.6	1.95e-07	76	169	4	101
A0A8V0ZV19	A0A8V0ZV19_CHICK Sulfatase 2	855	GlyColumba	A0A2I0M231	A0A2I0M231_COLLI Extracellular sulfatase	875	4416.0	95.4	0.00e+00	1	848	1	846
A0A8V0ZV19	A0A8V0ZV19_CHICK Sulfatase 2	855	GlyColumba	A0A2I0LZE9	A0A2I0LZE9_COLLI Arylsulfatase K	604	215.0	26.4	6.31e-19	71	390	136	458
A0A8V0ZV19	A0A8V0ZV19_CHICK Sulfatase 2	855	GlyColumba	A0A2I0M4N4	A0A2I0M4N4_COLLI Iduronate 2-sulfatase	519	156.0	22.2	4.38e-12	45	378	2	382
A0A8V0ZV19	A0A8V0ZV19_CHICK Sulfatase 2	855	GlyColumba	A0A2I0LJ62	A0A2I0LJ62_COLLI N-acetylgalactosamine-6-sulfatase	483	151.0	23.5	1.66e-11	71	396	22	343
A0A8V0ZV62	A0A8V0ZV62_CHICK Sortilin	782	GlyColumba	A0A2I0M028	A0A2I0M028_COLLI Sortilin 1 (Fragment)	374	1564.0	91.7	2.17e-175	157	471	1	315
A0A8V0ZV62	A0A8V0ZV62_CHICK Sortilin	782	GlyColumba	A0A2I0LS76	A0A2I0LS76_COLLI Sortilin-related receptor	2109	663.0	30.3	6.49e-71	67	687	5	645
A0A8V0ZXF2	A0A8V0ZXF2_CHICK Immunoglobulin lambda-like polypeptide 1	230	GlyColumba	A0A2I0LIU4	A0A2I0LIU4_COLLI Ig-like domain-containing protein (Fragment)	480	155.0	35.0	1.54e-12	133	230	140	236
A0A8V0ZXF2	A0A8V0ZXF2_CHICK Immunoglobulin lambda-like polypeptide 1	230	GlyColumba	A0A2I0M5V4	A0A2I0M5V4_COLLI Tyrosine-protein phosphatase non-receptor type substrate 1	509	122.0	25.7	1.03e-08	23	216	43	235
A0A8V0ZXF2	A0A8V0ZXF2_CHICK Immunoglobulin lambda-like polypeptide 1	230	GlyColumba	A0A2I0LVG2	A0A2I0LVG2_COLLI Melanoma cell adhesion molecule (Fragment)	592	79.0	22.7	9.99e-04	23	214	29	226
A0A8V1A049	A0A8V1A049_CHICK Mucin-5AC	885	GlyColumba	A0A2I0MHJ6	A0A2I0MHJ6_COLLI Mucin-5AC (Fragment)	736	3401.0	78.3	0.00e+00	145	885	1	727
A0A8V1A049	A0A8V1A049_CHICK Mucin-5AC	885	GlyColumba	A0A2I0MKW7	A0A2I0MKW7_COLLI von Willebrand factor	2805	641.0	23.4	2.61e-68	135	870	1868	2803
A0A8V1A049	A0A8V1A049_CHICK Mucin-5AC	885	GlyColumba	A0A2I0MHQ6	A0A2I0MHQ6_COLLI Mucin-2 (Fragment)	1484	356.0	24.7	2.92e-35	64	632	717	1287
A0A8V1A049	A0A8V1A049_CHICK Mucin-5AC	885	GlyColumba	A0A2I0LWB2	A0A2I0LWB2_COLLI Tenascin C, transcript variant X3	1503	123.0	24.5	3.04e-08	432	706	207	489
A0A8V1A049	A0A8V1A049_CHICK Mucin-5AC	885	GlyColumba	A0A2I0LS76	A0A2I0LS76_COLLI Sortilin-related receptor	2109	100.0	23.2	1.41e-05	463	872	905	1279
A0A8V1A407	A0A8V1A407_CHICK Pleckstrin homology domain containing A6	1108	GlyColumba	A0A2I0MDV9	A0A2I0MDV9_COLLI Vitellogenin-1	1406	92.0	23.6	1.50e-04	685	872	1096	1281
A0A8V1A407	A0A8V1A407_CHICK Pleckstrin homology domain containing A6	1108	GlyColumba	A0A2I0MST3	A0A2I0MST3_COLLI B-cell CLL/lymphoma 9 protein	1395	86.0	25.8	7.43e-04	215	399	500	695
A0A8V1A407	A0A8V1A407_CHICK Pleckstrin homology domain containing A6	1108	GlyColumba	A0A2I0MTT3	A0A2I0MTT3_COLLI Fibronectin type III domain containing 1	1661	86.0	21.2	7.43e-04	176	989	305	1015
A0A8V1A6Y9	A0A8V1A6Y9_CHICK Ovotransferrin	697	GlyColumba	A0A2I0LUS7	A0A2I0LUS7_COLLI Transferrin	374	1620.0	77.3	6.19e-182	325	697	1	374
A0A8V1AC48	A0A8V1AC48_CHICK Semaphorin 3G	761	GlyColumba	A0A2I0MDB7	A0A2I0MDB7_COLLI Semaphorin-6D (Fragment)	1141	614.0	31.4	3.04e-65	58	544	111	599
A0A8V1AH71	A0A8V1AH71_CHICK Orosomucoid 1 (ovoglycoprotein)	265	GlyColumba	A0A2I0LWC3	A0A2I0LWC3_COLLI Alpha-1-acid glycoprotein 1	196	564.0	62.1	6.64e-60	7	180	3	176
A0A8V1AHD4	A0A8V1AHD4_CHICK Smoothelin like 2	427	GlyColumba	A0A2I0MI11	A0A2I0MI11_COLLI F-actin monooxygenase	1128	166.0	26.2	1.51e-13	303	424	502	622
A0A8V1AHD4	A0A8V1AHD4_CHICK Smoothelin like 2	427	GlyColumba	A0A2I0MDV9	A0A2I0MDV9_COLLI Vitellogenin-1	1406	96.0	20.7	1.98e-05	131	348	1093	1303
P01012	OVAL_CHICK Ovalbumin	386	GlyColumba	A0A2I0MWA2	A0A2I0MWA2_COLLI Ovalbumin-like	386	1357.0	67.1	1.08e-151	1	386	1	386
P01012	OVAL_CHICK Ovalbumin	386	GlyColumba	A0A2I0MW20	A0A2I0MW20_COLLI Ovalbumin-related protein X	388	1251.0	61.9	2.11e-139	1	386	1	388
P01012	OVAL_CHICK Ovalbumin	386	GlyColumba	A0A1R7T3L5	A0A1R7T3L5_COLLI Ovalbumin-related protein Y	388	1208.0	58.2	2.04e-134	1	386	1	388
P01012	OVAL_CHICK Ovalbumin	386	GlyColumba	A0A2I0MED6	A0A2I0MED6_COLLI Antithrombin-III (Fragment)	502	469.0	31.7	1.00e-48	4	386	121	500
P01012	OVAL_CHICK Ovalbumin	386	GlyColumba	A0A2I0MP02	A0A2I0MP02_COLLI Serpin peptidase inhibitor, clade A (Alpha-1 antiproteinase, antitrypsin), member 10, transcript variant X2	439	360.0	25.7	4.37e-36	11	386	78	436
Q98UI9	MUC5B_CHICK Mucin-5B	2108	GlyColumba	A0A2I0MHQ6	A0A2I0MHQ6_COLLI Mucin-2 (Fragment)	1484	2850.0	40.1	0.00e+00	12	1278	8	1305
Q98UI9	MUC5B_CHICK Mucin-5B	2108	GlyColumba	A0A2I0MKW7	A0A2I0MKW7_COLLI von Willebrand factor	2805	2182.0	25.0	1.27e-246	36	2014	31	2570
Q98UI9	MUC5B_CHICK Mucin-5B	2108	GlyColumba	A0A2I0MHJ6	A0A2I0MHJ6_COLLI Mucin-5AC (Fragment)	736	1560.0	39.2	1.70e-174	1372	2103	3	714
Q98UI9	MUC5B_CHICK Mucin-5B	2108	GlyColumba	A0A2I0LWB2	A0A2I0LWB2_COLLI Tenascin C, transcript variant X3	1503	129.0	24.9	1.46e-08	1633	1941	177	502
Q98UI9	MUC5B_CHICK Mucin-5B	2108	GlyColumba	A0A2I0LHM5	A0A2I0LHM5_COLLI Tubulointerstitial nephritis antigen-like 1	462	119.0	29.9	2.11e-07	743	861	7	137
R4GFJ0	R4GFJ0_CHICK Carboxypeptidase E	469	GlyColumba	A0A2I0LW90	A0A2I0LW90_COLLI Carboxypeptidase E	364	1903.0	97.5	6.37e-215	106	469	1	364
R4GFJ0	R4GFJ0_CHICK Carboxypeptidase E	469	GlyColumba	A0A2I0MN05	A0A2I0MN05_COLLI Carboxypeptidase Z	649	1045.0	50.2	1.97e-115	42	442	180	578
R4GFJ0	R4GFJ0_CHICK Carboxypeptidase E	469	GlyColumba	A0A2I0LND8	A0A2I0LND8_COLLI Carboxypeptidase D	952	985.0	49.2	1.79e-108	42	457	71	457
V5NUE7	V5NUE7_CHICK Ovocleidin-17	161	GlyColumba	A0A2I0MIT9	A0A2I0MIT9_COLLI Lymphocyte antigen 75	1842	132.0	25.4	5.00e-10	24	158	473	597
A0A8V0YB27	A0A8V0YB27_CHICK Laminin subunit gamma 1	1593	GlyColumba	A0A2I0MCI7	A0A2I0MCI7_COLLI Laminin, gamma 1 (Formerly LAMB2) (Fragment)	1541	7741.0	92.0	0.00e+00	63	1593	1	1541
A0A8V0YB27	A0A8V0YB27_CHICK Laminin subunit gamma 1	1593	GlyColumba	A0A2I0MC29	A0A2I0MC29_COLLI Laminin, gamma 2	1143	2373.0	38.9	6.85e-269	342	1593	2	1143
A0A8V0YB27	A0A8V0YB27_CHICK Laminin subunit gamma 1	1593	GlyColumba	A0A2I0M3B3	A0A2I0M3B3_COLLI Agrin	2090	293.0	27.4	1.06e-27	704	1028	612	984
A0A8V0YB27	A0A8V0YB27_CHICK Laminin subunit gamma 1	1593	GlyColumba	A0A2I0LWB2	A0A2I0LWB2_COLLI Tenascin C, transcript variant X3	1503	228.0	25.9	3.65e-20	674	996	163	528
A0A8V0YB27	A0A8V0YB27_CHICK Laminin subunit gamma 1	1593	GlyColumba	A0A2I0MGH1	A0A2I0MGH1_COLLI von Willebrand factor D and EGF domain-containing protein-like	1919	167.0	25.2	4.32e-13	721	998	1627	1880
A0A8V0YYS9	A0A8V0YYS9_CHICK procollagen-lysine 5-dioxygenase	756	GlyColumba	A0A2I0M302	A0A2I0M302_COLLI Procollagen-lysine,2-oxoglutarate 5-dioxygenase 1 (Fragment)	819	2422.0	57.9	6.76e-275	8	756	92	819
A0A8V0ZCK4	A0A8V0ZCK4_CHICK TOPBP1 interacting checkpoint and replication regulator	1863	GlyColumba	A0A2I0MU88	A0A2I0MU88_COLLI PHD finger protein 3, transcript variant X1	2077	109.0	23.0	2.69e-06	1097	1551	119	550
A0A8V0ZCK4	A0A8V0ZCK4_CHICK TOPBP1 interacting checkpoint and replication regulator	1863	GlyColumba	A0A2I0MTT3	A0A2I0MTT3_COLLI Fibronectin type III domain containing 1	1661	100.0	21.0	2.97e-05	1196	1572	493	931
A0A8V0ZCK4	A0A8V0ZCK4_CHICK TOPBP1 interacting checkpoint and replication regulator	1863	GlyColumba	A0A2I0MST3	A0A2I0MST3_COLLI B-cell CLL/lymphoma 9 protein	1395	97.0	22.9	6.62e-05	1281	1619	4	325
A0A8V0ZCK4	A0A8V0ZCK4_CHICK TOPBP1 interacting checkpoint and replication regulator	1863	GlyColumba	A0A2I0LZN5	A0A2I0LZN5_COLLI Neuron navigator 3	2365	91.0	21.9	3.29e-04	1218	1750	247	747
A0A8V0ZCK4	A0A8V0ZCK4_CHICK TOPBP1 interacting checkpoint and replication regulator	1863	GlyColumba	A0A2I0LTA5	A0A2I0LTA5_COLLI RAD50 homolog, double strand break repair protein	1312	89.0	19.4	5.60e-04	517	1011	680	1185
A0A8V1A360	A0A8V1A360_CHICK Rho/Rac guanine nucleotide exchange factor 18	1549	GlyColumba	A0A2I0LTA5	A0A2I0LTA5_COLLI RAD50 homolog, double strand break repair protein	1312	102.0	18.9	1.45e-05	646	1337	355	1074
A0A8V1ADW6	A0A8V1ADW6_CHICK Extracellular matrix protein 1	461	GlyColumba	A0A2I0MST3	A0A2I0MST3_COLLI B-cell CLL/lymphoma 9 protein	1395	101.0	29.4	5.63e-06	4	154	891	1034
A0A8V0ZUZ0	A0A8V0ZUZ0_CHICK Suppressor of tumorigenicity 14 protein homolog	828	GlyColumba	A0A2I0LVH6	A0A2I0LVH6_COLLI Suppressor of tumorigenicity 14 protein homolog	845	3997.0	87.1	0.00e+00	1	828	19	845
A0A8V0ZUZ0	A0A8V0ZUZ0_CHICK Suppressor of tumorigenicity 14 protein homolog	828	GlyColumba	A0A2I0MI18	A0A2I0MI18_COLLI Ovochymase 2	629	413.0	35.9	6.70e-42	586	824	39	287
A0A8V0ZUZ0	A0A8V0ZUZ0_CHICK Suppressor of tumorigenicity 14 protein homolog	828	GlyColumba	A0A2I0M4F3	A0A2I0M4F3_COLLI Coagulation factor IX	463	396.0	30.5	6.28e-40	412	828	80	462
A0A8V0ZUZ0	A0A8V0ZUZ0_CHICK Suppressor of tumorigenicity 14 protein homolog	828	GlyColumba	A0A2I0LS76	A0A2I0LS76_COLLI Sortilin-related receptor	2109	360.0	43.1	9.38e-36	426	577	976	1131
A0A8V0ZUZ0	A0A8V0ZUZ0_CHICK Suppressor of tumorigenicity 14 protein homolog	828	GlyColumba	A0A2I0M2D5	A0A2I0M2D5_COLLI Haptoglobin	301	189.0	28.5	6.32e-16	587	824	61	296
