structure,species,model,glycan_atoms,glycan_rg,glycan_dist,glycan_end2end,glycan_min_dist_to_ca
Anas_G20030CU,Anas,1,117,8.435678542289505,32.782726177945754,20.239230699463917,3.7789210100238924
Anas_G20030CU,Anas,2,117,7.734804737047804,30.904003417392268,17.765669950663785,2.476785214749151
Anas_G20030CU,Anas,3,117,7.734804737047804,30.904003417392268,17.765669950663785,2.476785214749151
Anas_G20030CU,Anas,4,117,8.320066849904512,29.469041669458047,20.548133651904514,2.6702526097730908
Anas_G20030CU,Anas,5,117,8.149320898598555,31.839764730872325,20.192210244451267,3.4414370544875585
Anas_G20030CU,Anas,6,117,7.734807810324924,32.47730367819664,17.765782452885812,3.0922532237835885
Anas_G20030CU,Anas,7,117,8.435616224159688,32.91295592054053,20.239166811140812,3.7855004953110236
Anas_G20030CU,Anas,8,117,7.734804737047804,30.904003417392268,17.765669950663785,2.476785214749151
Anas_G20030CU,Anas,9,117,7.734807810324924,32.47730367819664,17.765782452885812,3.0922532237835885
Anas_G20030CU,Anas,10,117,8.320021616473728,30.207173117851564,20.548209064916346,3.0677446112738913
Anas_G20030CU,Anas,11,117,8.435678542289505,32.782726177945754,20.239230699463917,3.7789210100238924
Anas_G20030CU,Anas,12,117,7.866088384306409,31.251271057686925,16.980271864485466,3.092465036180684
Anas_G20030CU,Anas,13,117,8.149319509153447,31.423064542398016,20.192136310091264,3.117978992873429
Anas_G20030CU,Anas,14,117,8.149359900341993,31.83375620866811,20.192423052840827,3.2963334176020482
Anas_G20030CU,Anas,15,117,8.149258319181591,32.493075787655506,20.192221649634277,3.595308470771318
Anas_G20030CU,Anas,16,117,8.14932308860043,32.649017360716954,20.192332458694544,3.651635934755818
Anas_G20030CU,Anas,17,117,7.880779114286231,30.568499985135993,14.389304974812486,2.8071214793806125
Anas_G20030CU,Anas,18,117,7.734782824305893,30.899757349633802,17.765753079869647,2.5314102788761845
Anas_G20030CU,Anas,19,117,8.149361362568374,31.26877479662877,20.19243477829036,3.1505110696520338
Anas_G20030CU,Anas,20,117,8.320064900634092,29.972723525423255,20.548245759575643,3.108692812099645
Anas_G20030CU,Anas,21,117,8.14932308860043,32.649017360716954,20.192332458694544,3.651635934755818
Anas_G20030CU,Anas,22,117,8.149335626580225,31.222700562626017,20.192259009030042,3.2154316972997576
Anas_G20030CU,Anas,23,117,7.734807810324924,32.47730367819664,17.765782452885812,3.0922532237835885
Anas_G20030CU,Anas,24,117,8.320021616473728,30.207173117851564,20.548209064916346,3.0677446112738913
Anas_G20030CU,Anas,25,117,8.320096798242234,30.438701999961417,20.548337573901694,3.0516575823640504
Anas_G20030CU,Anas,26,117,8.149319509153447,31.423064542398016,20.192136310091264,3.117978992873429
Anas_G20030CU,Anas,27,117,8.320066849904512,29.469041669458047,20.548133651904514,2.6702526097730908
Anas_G20030CU,Anas,28,117,8.32002947865436,26.064319110709924,20.548281753107776,3.044111364585732
Anas_G20030CU,Anas,29,117,8.32002947865436,26.064319110709924,20.548281753107776,3.044111364585732
Anas_G20030CU,Anas,30,117,8.149359900341993,31.83375620866811,20.192423052840827,3.2963334176020482
Anas_G20030CU,Anas,31,117,8.320064900634092,29.972723525423255,20.548245759575643,3.108692812099645
Anas_G20030CU,Anas,32,117,7.734758765312062,30.67765678950168,17.765556265810346,3.1160232669221206
Anas_G20030CU,Anas,33,117,8.320030437827493,26.57642065847005,20.5481810708741,3.2109995328557726
Anas_G20030CU,Anas,34,117,8.149354898098892,31.394699234407646,20.192380831842573,3.1552307364121566
Anas_G20030CU,Anas,35,117,8.14932308860043,32.649017360716954,20.192332458694544,3.651635934755818
Anas_G20030CU,Anas,36,117,8.149360163168243,31.87634464954481,20.192300860749384,3.3184292971223592
Anas_G20030CU,Anas,37,117,7.734811187741776,32.29199865425752,17.765615494056295,2.985865536155304
Anas_G20030CU,Anas,38,117,8.149359900341993,31.83375620866811,20.192423052840827,3.2963334176020482
Anas_G20030CU,Anas,39,117,8.043184892902728,30.92055776045273,19.14329621364799,3.5607715456063733
Anas_G20030CU,Anas,40,117,8.43568233983088,25.9493390087354,20.23916249956192,2.943072883908926
Anas_G20030CU,Anas,41,117,8.32002947865436,26.064319110709924,20.548281753107776,3.044111364585732
Anas_G20030CU,Anas,42,117,8.149360163168243,31.87634464954481,20.192300860749384,3.3184292971223592
Anas_G20030CU,Anas,43,117,8.149335626580225,31.222700562626017,20.192259009030042,3.2154316972997576
Anas_G20030CU,Anas,44,117,7.734782824305893,30.899757349633802,17.765753079869647,2.5314102788761845
Anas_G20030CU,Anas,45,117,7.880779114286231,30.568499985135993,14.389304974812486,2.8071214793806125
Anas_G20030CU,Anas,46,117,7.734782824305893,30.899757349633802,17.765753079869647,2.5314102788761845
Anas_G20030CU,Anas,47,117,7.7348010416506,31.356973120931595,17.765676043300747,2.6174409257899205
Anas_G20030CU,Anas,48,117,8.149361362568374,31.26877479662877,20.19243477829036,3.1505110696520338
Anas_G20030CU,Anas,49,117,8.149359900341993,31.83375620866811,20.192423052840827,3.2963334176020482
Anas_G20030CU,Anas,50,117,8.435626976699982,32.60873423370051,20.23916813308758,3.6452447105784267
Anas_G39213VZ,Anas,1,89,7.7279214131784215,30.619918827174224,16.985434331617,4.250824508257191
Anas_G39213VZ,Anas,2,89,7.02722233109894,29.405177154480945,16.061765343955372,4.1629160452740335
Anas_G39213VZ,Anas,3,89,7.02103011960578,27.589907488012795,16.050194333650893,2.7810812645444214
Anas_G39213VZ,Anas,4,89,7.7279214131784215,30.619918827174224,16.985434331617,4.250824508257191
Anas_G39213VZ,Anas,5,89,7.727946538917706,29.6713744411946,16.985514008641452,2.9774905541411893
Anas_G39213VZ,Anas,6,89,7.020962478390287,29.635882823223294,16.04994147948515,3.767214488186199
Anas_G39213VZ,Anas,7,89,7.020962478390287,29.635882823223294,16.04994147948515,3.767214488186199
Anas_G39213VZ,Anas,8,89,7.289010954745278,28.70736516108681,16.929536066850012,3.169123853685745
Anas_G39213VZ,Anas,9,89,7.727894954561284,29.730557677709374,16.98542619153736,2.9337135170292274
Anas_G39213VZ,Anas,10,89,6.452565429278013,29.1109710327861,9.980673022376388,2.9282151560293515
Anas_G39213VZ,Anas,11,89,7.289010954745278,28.70736516108681,16.929536066850012,3.169123853685745
Anas_G39213VZ,Anas,12,89,7.027214135595391,30.097705665294455,16.06162399247069,4.011095361618818
Anas_G39213VZ,Anas,13,89,7.020917470297719,27.693008694326046,16.04991877752987,2.7337086530938146
Anas_G39213VZ,Anas,14,89,7.02722233109894,29.405177154480945,16.061765343955372,4.1629160452740335
Anas_G39213VZ,Anas,15,89,7.7279279563916345,29.81912344927974,16.985473028594225,3.1128625090099957
Anas_G39213VZ,Anas,16,89,7.02103011960578,27.589907488012795,16.050194333650893,2.7810812645444214
Anas_G39213VZ,Anas,17,89,7.727916780980884,29.752117676327938,16.985435859937212,4.24546322560919
Anas_G39213VZ,Anas,18,89,7.727916780980884,29.752117676327938,16.985435859937212,4.24546322560919
Anas_G39213VZ,Anas,19,89,7.7279214131784215,30.619918827174224,16.985434331617,4.250824508257191
Anas_G39213VZ,Anas,20,89,7.727946136340236,29.73069950535612,16.98552819824775,2.9219478092532727
Anas_G39213VZ,Anas,21,89,7.020917470297719,27.693008694326046,16.04991877752987,2.7337086530938146
Anas_G39213VZ,Anas,22,89,7.727969105799361,29.715260946091878,16.985455573092832,2.9424625741035353
Anas_G39213VZ,Anas,23,89,7.7279164270354626,29.64973820402906,16.98540487793408,2.921411645078455
Anas_G39213VZ,Anas,24,89,7.727962581309771,29.74774696425124,16.985549493673755,2.9202775553018925
Anas_G39213VZ,Anas,25,89,7.7279723500802975,29.7851176167604,16.985659086027088,2.853162631186663
Anas_G39213VZ,Anas,26,89,7.727946136340236,29.73069950535612,16.98552819824775,2.9219478092532727
Anas_G39213VZ,Anas,27,89,7.7279723500802975,29.7851176167604,16.985659086027088,2.853162631186663
Anas_G39213VZ,Anas,28,89,7.02103011960578,27.589907488012795,16.050194333650893,2.7810812645444214
Anas_G39213VZ,Anas,29,89,7.020962478390287,29.635882823223294,16.04994147948515,3.767214488186199
Anas_G39213VZ,Anas,30,89,7.727969105799361,29.715260946091878,16.985455573092832,2.9424625741035353
Anas_G39213VZ,Anas,31,89,7.020922416829105,27.511746579646704,16.049856675563255,2.524620763599953
Anas_G39213VZ,Anas,32,89,7.598585367399537,30.518911178209176,14.544934242630626,3.3095251925314013
Anas_G39213VZ,Anas,33,89,7.7279289913855305,29.730108206450055,16.985401988448302,2.9481406004463233
Anas_G39213VZ,Anas,34,89,7.027225958666571,28.793422168976633,16.061780646482323,3.4327065123601814
Anas_G39213VZ,Anas,35,89,7.7279214131784215,30.619918827174224,16.985434331617,4.250824508257191
Anas_G39213VZ,Anas,36,89,7.727955209953967,29.682418201670462,16.98549023101056,4.155654701728717
Anas_G39213VZ,Anas,37,89,7.7279723500802975,29.7851176167604,16.985659086027088,2.853162631186663
Anas_G39213VZ,Anas,38,89,7.021016507071941,27.8615396405583,16.050156223729488,3.178736069572309
Anas_G39213VZ,Anas,39,89,7.020962478390287,29.635882823223294,16.04994147948515,3.767214488186199
Anas_G39213VZ,Anas,40,89,7.021016507071941,27.8615396405583,16.050156223729488,3.178736069572309
Anas_G39213VZ,Anas,41,89,7.727903903930894,29.66054074383581,16.985380118213545,2.9557636915017413
Anas_G39213VZ,Anas,42,89,7.020958446115678,27.757961866576395,16.049842038449587,2.935992677102584
Anas_G39213VZ,Anas,43,89,7.021009103610081,27.920804337802146,16.050115406476817,3.184881316470051
Anas_G39213VZ,Anas,44,89,7.020922416829105,27.511746579646704,16.049856675563255,2.524620763599953
Anas_G39213VZ,Anas,45,89,7.727969105799361,29.715260946091878,16.985455573092832,2.9424625741035353
Anas_G39213VZ,Anas,46,89,7.02722233109894,29.405177154480945,16.061765343955372,4.1629160452740335
Anas_G39213VZ,Anas,47,89,7.727955209953967,29.682418201670462,16.98549023101056,4.155654701728717
Anas_G39213VZ,Anas,48,89,7.7279164270354626,29.64973820402906,16.98540487793408,2.921411645078455
Anas_G39213VZ,Anas,49,89,7.727916780980884,29.752117676327938,16.985435859937212,4.24546322560919
Anas_G39213VZ,Anas,50,89,7.727969105799361,29.715260946091878,16.985455573092832,2.9424625741035353
Anas_G59471TH,Anas,1,103,7.4056209824520325,31.64570438351048,16.99484199961379,4.096156857348116
Anas_G59471TH,Anas,2,103,7.405690386358016,30.37506665594194,16.99487818447376,3.481738215317171
Anas_G59471TH,Anas,3,103,7.4056690013352675,31.324299767764902,16.994928125317085,3.3267717084284576
Anas_G59471TH,Anas,4,103,7.405610279512927,29.884132266384444,16.994721222743713,2.4154397115225215
Anas_G59471TH,Anas,5,103,7.095751362301775,30.561572299325963,17.341521482751585,3.3828121437644145
Anas_G59471TH,Anas,6,103,7.405606652096023,30.50684169373461,16.9946882704027,2.713075561056123
Anas_G59471TH,Anas,7,103,7.4056690013352675,31.324299767764902,16.994928125317085,3.3267717084284576
Anas_G59471TH,Anas,8,103,7.405591579456653,30.593322122686896,16.99466899005781,3.4349994177583194
Anas_G59471TH,Anas,9,103,7.405649741799736,30.716369317843874,16.994852755124633,3.3438715585380967
Anas_G59471TH,Anas,10,103,7.095719288522485,30.879522218481334,17.341477214311638,3.55379205919536
Anas_G59471TH,Anas,11,103,7.4056209824520325,31.64570438351048,16.99484199961379,4.096156857348116
Anas_G59471TH,Anas,12,103,7.405690386358016,30.37506665594194,16.99487818447376,3.481738215317171
Anas_G59471TH,Anas,13,103,7.095751362301775,30.561572299325963,17.341521482751585,3.3828121437644145
Anas_G59471TH,Anas,14,103,7.33570530458862,28.18263346141529,14.51637532448181,4.084487850392017
Anas_G59471TH,Anas,15,103,7.405667043063669,30.47172024332476,16.994861901799165,2.62933698867224
Anas_G59471TH,Anas,16,103,7.405649405409699,30.551503202458992,16.99486469571059,2.536005914819601
Anas_G59471TH,Anas,17,103,7.4056528596531415,31.588099546388246,16.994751960201583,4.117561535666468
Anas_G59471TH,Anas,18,103,7.095766747926166,31.49978933351422,17.341564233696698,2.9739409879821084
Anas_G59471TH,Anas,19,103,7.405639116836247,30.49037095256247,16.994744569863297,3.472259494911059
Anas_G59471TH,Anas,20,103,7.405647179767099,31.71288220908098,16.994730420675364,3.8011736345502554
Anas_G59471TH,Anas,21,103,7.405679233698476,30.701380736648368,16.99473238526982,3.901814193423361
Anas_G59471TH,Anas,22,103,7.405606652096023,30.50684169373461,16.9946882704027,2.713075561056123
Anas_G59471TH,Anas,23,103,7.095751362301775,30.561572299325963,17.341521482751585,3.3828121437644145
Anas_G59471TH,Anas,24,103,7.405610279512927,29.884132266384444,16.994721222743713,2.4154397115225215
Anas_G59471TH,Anas,25,103,7.335764497651954,30.55474302506619,14.516707366875941,3.0974127913469975
Anas_G59471TH,Anas,26,103,6.956347280982849,27.670279736164193,15.800952604646525,3.294931107018779
Anas_G59471TH,Anas,27,103,7.405690386358016,30.37506665594194,16.99487818447376,3.481738215317171
Anas_G59471TH,Anas,28,103,7.405591579456653,30.593322122686896,16.99466899005781,3.4349994177583194
Anas_G59471TH,Anas,29,103,7.095719288522485,30.879522218481334,17.341477214311638,3.55379205919536
Anas_G59471TH,Anas,30,103,7.405649741799736,30.716369317843874,16.994852755124633,3.3438715585380967
Anas_G59471TH,Anas,31,103,7.405606652096023,30.50684169373461,16.9946882704027,2.713075561056123
Anas_G59471TH,Anas,32,103,7.405649405409699,30.551503202458992,16.99486469571059,2.536005914819601
Anas_G59471TH,Anas,33,103,7.405667043063669,30.47172024332476,16.994861901799165,2.62933698867224
Anas_G59471TH,Anas,34,103,7.405690386358016,30.37506665594194,16.99487818447376,3.481738215317171
Anas_G59471TH,Anas,35,103,7.405639116836247,30.49037095256247,16.994744569863297,3.472259494911059
Anas_G59471TH,Anas,36,103,7.405639116836247,30.49037095256247,16.994744569863297,3.472259494911059
Anas_G59471TH,Anas,37,103,7.405649741799736,30.716369317843874,16.994852755124633,3.3438715585380967
Anas_G59471TH,Anas,38,103,7.396670657309691,30.057829109720576,15.390124797434627,3.900043717703687
Anas_G59471TH,Anas,39,103,7.095719288522485,30.879522218481334,17.341477214311638,3.55379205919536
Anas_G59471TH,Anas,40,103,7.405690386358016,30.37506665594194,16.99487818447376,3.481738215317171
Anas_G59471TH,Anas,41,103,7.405591579456653,30.593322122686896,16.99466899005781,3.4349994177583194
Anas_G59471TH,Anas,42,103,7.396612200124019,29.424088691266675,15.390035153153683,4.156099734125735
Anas_G59471TH,Anas,43,103,7.405649405409699,30.551503202458992,16.99486469571059,2.536005914819601
Anas_G59471TH,Anas,44,103,7.396608565325046,27.552210971538333,15.39014440232741,3.026644676865787
Anas_G59471TH,Anas,45,103,7.405679233698476,30.701380736648368,16.99473238526982,3.901814193423361
Anas_G59471TH,Anas,46,103,7.405667043063669,30.47172024332476,16.994861901799165,2.62933698867224
Anas_G59471TH,Anas,47,103,7.396595793183551,29.634581583364383,15.389951073704564,3.2640468746634146
Anas_G59471TH,Anas,48,103,6.956362927628501,27.835580029102285,15.800909430201438,3.4097021864086607
Anas_G59471TH,Anas,49,103,7.405610279512927,29.884132266384444,16.994721222743713,2.4154397115225215
Anas_G59471TH,Anas,50,103,7.405690386358016,30.37506665594194,16.99487818447376,3.481738215317171
Columba_G18938DW,Columba,1,161,9.059443204138626,30.81687682661449,21.385384181033942,2.7047693062440654
Columba_G18938DW,Columba,2,161,9.059443204138626,30.81687682661449,21.385384181033942,2.7047693062440654
Columba_G18938DW,Columba,3,161,9.805027658792403,30.31187731964432,23.397147733211266,2.7449597446957212
Columba_G18938DW,Columba,4,161,9.059443204138626,30.81687682661449,21.385384181033942,2.7047693062440654
Columba_G18938DW,Columba,5,161,9.33670716985729,29.547195611337184,20.876820726084446,2.858600356818
Columba_G18938DW,Columba,6,161,9.059443204138626,30.81687682661449,21.385384181033942,2.7047693062440654
Columba_G18938DW,Columba,7,161,9.059443204138626,30.81687682661449,21.385384181033942,2.7047693062440654
Columba_G18938DW,Columba,8,161,9.489990962695892,29.037831845924543,21.90703045349489,3.2013537761390882
Columba_G18938DW,Columba,9,161,9.059507147519161,31.704884641526878,21.385545743556484,3.197409732893174
Columba_G18938DW,Columba,10,161,9.80504902767402,32.63050986065932,23.39710109253273,3.464001154734217
Columba_G18938DW,Columba,11,161,9.805055274842184,29.06538836184228,23.397385287058956,2.344238895675952
Columba_G18938DW,Columba,12,161,9.805028180983234,30.395762679732993,23.39717557447915,2.7171356241453983
Columba_G18938DW,Columba,13,161,9.336685329561591,30.053344295609325,20.876549051598616,2.928119874595301
Columba_G18938DW,Columba,14,161,9.490013860585758,31.797625619569697,21.90716269916826,3.7178672649786733
Columba_G18938DW,Columba,15,161,9.805027658792403,30.31187731964432,23.397147733211266,2.7449597446957212
Columba_G18938DW,Columba,16,161,9.80504902767402,32.63050986065932,23.39710109253273,3.464001154734217
Columba_G18938DW,Columba,17,161,9.804993685064392,30.18948565128,23.397068762368107,2.827478558716229
Columba_G18938DW,Columba,18,161,9.33670716985729,29.547195611337184,20.876820726084446,2.858600356818
Columba_G18938DW,Columba,19,161,9.490013860585758,31.797625619569697,21.90716269916826,3.7178672649786733
Columba_G18938DW,Columba,20,161,10.169994123455716,30.471711495417036,22.701309017712706,3.18964794295546
Columba_G18938DW,Columba,21,161,9.336692722096226,29.93295408196409,20.876670542870507,2.6716438759685017
Columba_G18938DW,Columba,22,161,9.80504902767402,32.63050986065932,23.39710109253273,3.464001154734217
Columba_G18938DW,Columba,23,161,9.059443204138626,30.81687682661449,21.385384181033942,2.7047693062440654
Columba_G18938DW,Columba,24,161,10.16998551033146,29.923926216395312,22.701286948388812,2.607110661249347
Columba_G18938DW,Columba,25,161,9.490010510246435,29.1152606760253,21.907049237148332,3.1463130804165056
Columba_G18938DW,Columba,26,161,9.80504902767402,32.63050986065932,23.39710109253273,3.464001154734217
Columba_G18938DW,Columba,27,161,9.805043746229584,29.38029158394091,23.397232027541182,2.7281129008895517
Columba_G18938DW,Columba,28,161,9.80504902767402,32.63050986065932,23.39710109253273,3.464001154734217
Columba_G18938DW,Columba,29,161,10.169989930855582,30.69665118102931,22.701295193755485,3.0695542021603064
Columba_G18938DW,Columba,30,161,9.805028180983234,30.395762679732993,23.39717557447915,2.7171356241453983
Columba_G18938DW,Columba,31,161,9.804993685064392,30.18948565128,23.397068762368107,2.827478558716229
Columba_G18938DW,Columba,32,161,9.490006523291829,29.71324011068116,21.907077534076425,2.7906796663178652
Columba_G18938DW,Columba,33,161,9.315332065400414,29.521583241614238,22.76358188502349,2.527074593279747
Columba_G18938DW,Columba,34,161,9.805027658792403,30.31187731964432,23.397147733211266,2.7449597446957212
Columba_G18938DW,Columba,35,161,9.490010510246435,29.1152606760253,21.907049237148332,3.1463130804165056
Columba_G18938DW,Columba,36,161,10.169980396592745,30.88507047154134,22.701234273722434,2.7205034460555275
Columba_G18938DW,Columba,37,161,9.804993685064392,30.18948565128,23.397068762368107,2.827478558716229
Columba_G18938DW,Columba,38,161,9.059507147519161,31.704884641526878,21.385545743556484,3.197409732893174
Columba_G18938DW,Columba,39,161,9.805028180983234,30.395762679732993,23.39717557447915,2.7171356241453983
Columba_G18938DW,Columba,40,161,9.80504902767402,32.63050986065932,23.39710109253273,3.464001154734217
Columba_G18938DW,Columba,41,161,9.33670716985729,29.547195611337184,20.876820726084446,2.858600356818
Columba_G18938DW,Columba,42,161,9.805021527016095,30.261652177515018,23.39713049432076,2.8600650342256206
Columba_G18938DW,Columba,43,161,9.805043746229584,29.38029158394091,23.397232027541182,2.7281129008895517
Columba_G18938DW,Columba,44,161,9.805007101803898,30.885536453968772,23.397230845501518,2.4274845004654506
Columba_G18938DW,Columba,45,161,9.336703152316923,30.046500543513478,20.876634844643494,2.7014864426829908
Columba_G18938DW,Columba,46,161,9.805007101803898,30.885536453968772,23.397230845501518,2.4274845004654506
Columba_G18938DW,Columba,47,161,9.805055274842184,29.06538836184228,23.397385287058956,2.344238895675952
Columba_G18938DW,Columba,48,161,9.059443204138626,30.81687682661449,21.385384181033942,2.7047693062440654
Columba_G18938DW,Columba,49,161,9.805027658792403,30.31187731964432,23.397147733211266,2.7449597446957212
Columba_G18938DW,Columba,50,161,9.805007101803898,30.885536453968772,23.397230845501518,2.4274845004654506
Columba_G19958IL,Columba,1,138,8.46463117770867,33.910962927192834,23.762038962919043,2.6085093444340965
Columba_G19958IL,Columba,2,138,8.464638732163769,33.741981940014696,23.76185063032436,2.726615117687129
Columba_G19958IL,Columba,3,138,8.46464048188744,33.014797711269466,23.762094010568998,3.2237923320214037
Columba_G19958IL,Columba,4,138,8.869045835632578,29.979500555061346,22.852490579897246,3.0866102766627344
Columba_G19958IL,Columba,5,138,8.464656321080346,33.865003209524716,23.762021326039516,2.6528448880400077
Columba_G19958IL,Columba,6,138,8.464638732163769,33.741981940014696,23.76185063032436,2.726615117687129
Columba_G19958IL,Columba,7,138,9.442688518897747,31.065420291812632,26.051579768441698,2.250065999032029
Columba_G19958IL,Columba,8,138,8.464656321080346,33.865003209524716,23.762021326039516,2.6528448880400077
Columba_G19958IL,Columba,9,138,9.41129080557081,31.34582520801185,24.601604803478136,2.7891116865410757
Columba_G19958IL,Columba,10,138,8.464641843653242,32.29742254507044,23.761869549377124,2.810210490336979
Columba_G19958IL,Columba,11,138,7.76522613000317,34.49802900195461,20.613465119850698,3.1464998013665917
Columba_G19958IL,Columba,12,138,8.464631412931357,31.411176744582804,23.762143396787582,2.319816587577561
Columba_G19958IL,Columba,13,138,8.46463117770867,33.910962927192834,23.762038962919043,2.6085093444340965
Columba_G19958IL,Columba,14,138,8.464638732163769,33.741981940014696,23.76185063032436,2.726615117687129
Columba_G19958IL,Columba,15,138,9.411260743493992,31.367491828107088,24.601402545073075,2.6907296408223558
Columba_G19958IL,Columba,16,138,8.464638732163769,33.741981940014696,23.76185063032436,2.726615117687129
Columba_G19958IL,Columba,17,138,8.869069048855874,30.18731960994514,22.85278099811263,2.8421711771109073
Columba_G19958IL,Columba,18,138,7.76522613000317,34.49802900195461,20.613465119850698,3.1464998013665917
Columba_G19958IL,Columba,19,138,9.41126837366655,30.16090804311815,24.60149710315538,2.4634922366429346
Columba_G19958IL,Columba,20,138,9.411319853679332,30.84764312453853,24.60181331916568,3.2326535539707932
Columba_G19958IL,Columba,21,138,8.869014528925591,30.10295814904155,22.852422823973438,2.9136892421807787
Columba_G19958IL,Columba,22,138,8.464641843653242,32.29742254507044,23.761869549377124,2.810210490336979
Columba_G19958IL,Columba,23,138,8.46463652137739,33.08302564548965,23.762258642913142,3.2000392185096738
Columba_G19958IL,Columba,24,138,9.411295568067858,31.38277015730255,24.601559651623237,2.8603232334825393
Columba_G19958IL,Columba,25,138,8.869045835632578,29.979500555061346,22.852490579897246,3.0866102766627344
Columba_G19958IL,Columba,26,138,8.869024532684705,29.694412164113476,22.85261066976389,3.4593171291455773
Columba_G19958IL,Columba,27,138,9.4113120265966,31.765424686779284,24.60169501716189,3.1458151566803787
Columba_G19958IL,Columba,28,138,9.442688518897747,31.065420291812632,26.051579768441698,2.250065999032029
Columba_G19958IL,Columba,29,138,8.869014528925591,30.10295814904155,22.852422823973438,2.9136892421807787
Columba_G19958IL,Columba,30,138,8.869024532684705,29.694412164113476,22.85261066976389,3.4593171291455773
Columba_G19958IL,Columba,31,138,8.237165398535168,31.628398101263866,21.574041312508033,2.6149780113798275
Columba_G19958IL,Columba,32,138,8.46463117770867,33.910962927192834,23.762038962919043,2.6085093444340965
Columba_G19958IL,Columba,33,138,8.869024532684705,29.694412164113476,22.85261066976389,3.4593171291455773
Columba_G19958IL,Columba,34,138,8.464638732163769,33.741981940014696,23.76185063032436,2.726615117687129
Columba_G19958IL,Columba,35,138,8.46461222596764,33.88953591684467,23.762032185163164,2.6311930753937456
Columba_G19958IL,Columba,36,138,8.46463117770867,33.910962927192834,23.762038962919043,2.6085093444340965
Columba_G19958IL,Columba,37,138,8.46463652137739,33.08302564548965,23.762258642913142,3.2000392185096738
Columba_G19958IL,Columba,38,138,8.46464048188744,33.014797711269466,23.762094010568998,3.2237923320214037
Columba_G19958IL,Columba,39,138,8.464653532308496,33.82130865188985,23.762136962828613,2.687324691956668
Columba_G19958IL,Columba,40,138,8.464634753811763,33.87227522010765,23.762256282306,2.720067830036598
Columba_G19958IL,Columba,41,138,8.697370575029971,35.9532096462978,25.353801865348824,3.0533185225259434
Columba_G19958IL,Columba,42,138,8.237182717689718,31.876586237259456,21.573843055672754,2.3496838085155196
Columba_G19958IL,Columba,43,138,8.46463117770867,33.910962927192834,23.762038962919043,2.6085093444340965
Columba_G19958IL,Columba,44,138,8.869069048855874,30.18731960994514,22.85278099811263,2.8421711771109073
Columba_G19958IL,Columba,45,138,8.464653532308496,33.82130865188985,23.762136962828613,2.687324691956668
Columba_G19958IL,Columba,46,138,9.442688518897747,31.065420291812632,26.051579768441698,2.250065999032029
Columba_G19958IL,Columba,47,138,8.464631412931357,31.411176744582804,23.762143396787582,2.319816587577561
Columba_G19958IL,Columba,48,138,8.869024532684705,29.694412164113476,22.85261066976389,3.4593171291455773
Columba_G19958IL,Columba,49,138,8.46463117770867,33.910962927192834,23.762038962919043,2.6085093444340965
Columba_G19958IL,Columba,50,138,8.869045835632578,29.979500555061346,22.852490579897246,3.0866102766627344
Columba_G20030CU,Columba,1,117,8.435669580275599,27.53152544671998,20.239455787684427,1.9896183051027672
Columba_G20030CU,Columba,2,117,7.742282186448552,30.622473384584936,12.029854981779835,4.021579416100097
Columba_G20030CU,Columba,3,117,8.043159673822698,26.65523014168243,19.143116627372454,3.3005490452347472
Columba_G20030CU,Columba,4,117,8.035165797167831,28.259373564301004,17.831475791648977,3.5016033470397523
Columba_G20030CU,Columba,5,117,8.043159864208384,26.402504337996433,19.14306235337769,3.09565211223742
Columba_G20030CU,Columba,6,117,8.435714618703333,27.7260980993631,20.239347415646193,2.228019972980494
Columba_G20030CU,Columba,7,117,8.035176152802128,28.47943111358261,17.83122586080328,3.3712746847446287
Columba_G20030CU,Columba,8,117,8.03518789769384,28.332817786827427,17.8314633101328,3.3804087031008536
Columba_G20030CU,Columba,9,117,8.043159864208384,26.402504337996433,19.14306235337769,3.09565211223742
Columba_G20030CU,Columba,10,117,7.880229116700668,28.36323027920615,16.57248840776515,3.7602013243974053
Columba_G20030CU,Columba,11,117,8.435714618703333,27.7260980993631,20.239347415646193,2.228019972980494
Columba_G20030CU,Columba,12,117,8.435663137966795,28.434304119699057,20.23933104345928,2.6428405173222256
Columba_G20030CU,Columba,13,117,8.435683481946363,27.56934427691367,20.239334833815715,2.0900851657289015
Columba_G20030CU,Columba,14,117,8.435689712767406,27.793791057034852,20.239202681520666,2.173913291739118
Columba_G20030CU,Columba,15,117,7.734802524862501,29.71525880644143,17.7655392518258,3.522189801813638
Columba_G20030CU,Columba,16,117,7.734821805949117,30.59380462671506,17.765836205671118,4.394208688717457
Columba_G20030CU,Columba,17,117,7.734808897650689,29.540539637620036,17.765696775912666,3.4702508554858107
Columba_G20030CU,Columba,18,117,8.035199957267793,30.301587594353183,17.831423423872497,3.252256139974218
Columba_G20030CU,Columba,19,117,7.880770481707096,30.402713883718672,14.389332525187125,3.964132944289331
Columba_G20030CU,Columba,20,117,7.988884570257219,30.197668835698078,7.1613154204392115,3.245979821255824
Columba_G20030CU,Columba,21,117,8.435623748043476,26.593131933899024,20.23925526479345,3.3569168890516186
Columba_G20030CU,Columba,22,117,7.734799207735592,29.43781319415839,17.765628057733117,3.4197815719721056
Columba_G20030CU,Columba,23,117,7.734789554934753,29.810367425800358,17.765751677837088,3.750489301411217
Columba_G20030CU,Columba,24,117,7.734789554934753,29.810367425800358,17.765751677837088,3.750489301411217
Columba_G20030CU,Columba,25,117,8.035199957267793,30.301587594353183,17.831423423872497,3.252256139974218
Columba_G20030CU,Columba,26,117,8.435669580275599,27.53152544671998,20.239455787684427,1.9896183051027672
Columba_G20030CU,Columba,27,117,7.742282186448552,30.622473384584936,12.029854981779835,4.021579416100097
Columba_G20030CU,Columba,28,117,8.435683481946363,27.56934427691367,20.239334833815715,2.0900851657289015
Columba_G20030CU,Columba,29,117,8.435663137966795,28.434304119699057,20.23933104345928,2.6428405173222256
Columba_G20030CU,Columba,30,117,8.320060642193667,30.126337240480343,20.548308929625986,3.8454055702877414
Columba_G20030CU,Columba,31,117,8.035192371140232,28.188702088098427,17.831662186019745,3.7018419739367587
Columba_G20030CU,Columba,32,117,7.734799207735592,29.43781319415839,17.765628057733117,3.4197815719721056
Columba_G20030CU,Columba,33,117,8.435714618703333,27.7260980993631,20.239347415646193,2.228019972980494
Columba_G20030CU,Columba,34,117,8.435669580275599,27.53152544671998,20.239455787684427,1.9896183051027672
Columba_G20030CU,Columba,35,117,8.435669580275599,27.53152544671998,20.239455787684427,1.9896183051027672
Columba_G20030CU,Columba,36,117,7.734789554934753,29.810367425800358,17.765751677837088,3.750489301411217
Columba_G20030CU,Columba,37,117,7.455541569136521,28.62086665517072,10.475798471832544,3.308210996898475
Columba_G20030CU,Columba,38,117,8.435669580275599,27.53152544671998,20.239455787684427,1.9896183051027672
Columba_G20030CU,Columba,39,117,8.035199957267793,30.301587594353183,17.831423423872497,3.252256139974218
Columba_G20030CU,Columba,40,117,8.435689712767406,27.793791057034852,20.239202681520666,2.173913291739118
Columba_G20030CU,Columba,41,117,7.734799207735592,29.43781319415839,17.765628057733117,3.4197815719721056
Columba_G20030CU,Columba,42,117,7.734753915333179,30.05303789239559,17.76545479193498,3.716652929720503
Columba_G20030CU,Columba,43,117,8.035200933195005,28.52981100533852,17.831710907760897,3.613415697093264
Columba_G20030CU,Columba,44,117,7.734799207735592,29.43781319415839,17.765628057733117,3.4197815719721056
Columba_G20030CU,Columba,45,117,7.734753915333179,30.05303789239559,17.76545479193498,3.716652929720503
Columba_G20030CU,Columba,46,117,7.742282186448552,30.622473384584936,12.029854981779835,4.021579416100097
Columba_G20030CU,Columba,47,117,7.988884570257219,30.197668835698078,7.1613154204392115,3.245979821255824
Columba_G20030CU,Columba,48,117,8.435714618703333,27.7260980993631,20.239347415646193,2.228019972980494
Columba_G20030CU,Columba,49,117,7.734789554934753,29.810367425800358,17.765751677837088,3.750489301411217
Columba_G20030CU,Columba,50,117,8.035176152802128,28.47943111358261,17.83122586080328,3.3712746847446287
Columba_G49478NM,Columba,1,156,10.615892548468677,34.91479867003903,24.055706451178708,3.383665172560666
Columba_G49478NM,Columba,2,156,9.467627541978379,26.31873579722402,18.791291562727157,3.6267832855024573
Columba_G49478NM,Columba,3,156,8.648661458776001,26.726266374250702,23.664196342319116,3.3090738885676156
Columba_G49478NM,Columba,4,156,9.46761683471667,25.119210036810582,18.791195921637705,3.2564050730828935
Columba_G49478NM,Columba,5,156,9.467609221976488,25.618872838804414,18.79125295145647,3.15329177210102
Columba_G49478NM,Columba,6,156,10.615931591725658,33.568650569513096,24.055754477259473,3.415778388596076
Columba_G49478NM,Columba,7,156,10.615942712641685,33.641964945233376,24.055839803477525,3.495268086999907
Columba_G49478NM,Columba,8,156,9.467612418827295,27.082799977258404,18.791204028922536,3.308429234546207
Columba_G49478NM,Columba,9,156,9.467568519634856,26.36417672293326,18.790881118077163,3.7122475671754436
Columba_G49478NM,Columba,10,156,9.46760092564261,26.70243476011584,18.791072847936004,3.4555909769531463
Columba_G49478NM,Columba,11,156,9.467574528719277,25.498685102192603,18.791184278652644,3.0509359219754177
Columba_G49478NM,Columba,12,156,9.46761689793608,25.30696455738959,18.791184978266212,3.0581335811242765
Columba_G49478NM,Columba,13,156,9.46762894016035,25.643095708949986,18.791137134962604,3.1749725983069528
Columba_G49478NM,Columba,14,156,9.467609221572848,26.623001390951146,18.79108079211761,3.7938067952915038
Columba_G49478NM,Columba,15,156,9.467608675221019,24.991743031276894,18.790958255616435,3.3343102735048515
Columba_G49478NM,Columba,16,156,9.46761683471667,25.119210036810582,18.791195921637705,3.2564050730828935
Columba_G49478NM,Columba,17,156,9.467660805499934,25.52634676843655,18.79133808125553,3.1406472262895107
Columba_G49478NM,Columba,18,156,9.467660805499934,25.52634676843655,18.79133808125553,3.1406472262895107
Columba_G49478NM,Columba,19,156,9.467581021079086,24.701582496455075,18.791228486720648,3.3026595343752883
Columba_G49478NM,Columba,20,156,10.615938049548149,33.88694831370153,24.055782350232178,3.5468116668354406
Columba_G49478NM,Columba,21,156,10.615937733940761,33.487342446282334,24.055865778452972,3.3831430652575123
Columba_G49478NM,Columba,22,156,10.61595267328793,33.408011591515965,24.05581572757635,3.3087319323269444
Columba_G49478NM,Columba,23,156,8.648669402156752,29.764567471606945,23.664222362278093,4.140504679383904
Columba_G49478NM,Columba,24,156,9.46760092564261,26.70243476011584,18.791072847936004,3.4555909769531463
Columba_G49478NM,Columba,25,156,9.467660805499934,25.52634676843655,18.79133808125553,3.1406472262895107
Columba_G49478NM,Columba,26,156,9.46763639457173,26.991148717275028,18.791344087922862,3.232560594946365
Columba_G49478NM,Columba,27,156,9.467581021079086,24.701582496455075,18.791228486720648,3.3026595343752883
Columba_G49478NM,Columba,28,156,9.467605328757601,26.402237111880403,18.791003630818906,3.1267881284154835
Columba_G49478NM,Columba,29,156,9.46763639457173,26.991148717275028,18.791344087922862,3.232560594946365
Columba_G49478NM,Columba,30,156,9.467634367123246,25.338276269494926,18.79111425814606,3.144717793379876
Columba_G49478NM,Columba,31,156,9.46760092564261,26.70243476011584,18.791072847936004,3.4555909769531463
Columba_G49478NM,Columba,32,156,9.467660805499934,25.52634676843655,18.79133808125553,3.1406472262895107
Columba_G49478NM,Columba,33,156,9.46762894016035,25.643095708949986,18.791137134962604,3.1749725983069528
Columba_G49478NM,Columba,34,156,8.648669402156752,29.764567471606945,23.664222362278093,4.140504679383904
Columba_G49478NM,Columba,35,156,9.467589363295644,25.192505760318227,18.791108337388682,3.0730741937024564
Columba_G49478NM,Columba,36,156,8.648669402156752,29.764567471606945,23.664222362278093,4.140504679383904
Columba_G49478NM,Columba,37,156,9.467628990181137,27.093822956714675,18.791077146261422,3.9921920044005903
Columba_G49478NM,Columba,38,156,9.467581021079086,24.701582496455075,18.791228486720648,3.3026595343752883
Columba_G49478NM,Columba,39,156,9.467580952698915,25.241661559618045,18.790943911458314,2.9909045454510923
Columba_G49478NM,Columba,40,156,9.88258205754843,24.571868846921326,24.899571104386688,2.827825136036526
Columba_G49478NM,Columba,41,156,9.467608675221019,24.991743031276894,18.790958255616435,3.3343102735048515
Columba_G49478NM,Columba,42,156,9.467634367123246,25.338276269494926,18.79111425814606,3.144717793379876
Columba_G49478NM,Columba,43,156,9.467581034705209,25.341562645578286,18.79112561051839,3.1806944210345005
Columba_G49478NM,Columba,44,156,9.467609077545237,25.40094588958744,18.791043701737685,3.0242304806347002
Columba_G49478NM,Columba,45,156,9.467612418827295,27.082799977258404,18.791204028922536,3.308429234546207
Columba_G49478NM,Columba,46,156,9.467589363295644,25.192505760318227,18.791108337388682,3.0730741937024564
Columba_G49478NM,Columba,47,156,9.467612418827295,27.082799977258404,18.791204028922536,3.308429234546207
Columba_G49478NM,Columba,48,156,9.46761683471667,25.119210036810582,18.791195921637705,3.2564050730828935
Columba_G49478NM,Columba,49,156,9.46763639457173,26.991148717275028,18.791344087922862,3.232560594946365
Columba_G49478NM,Columba,50,156,10.324581618451745,32.45967623632321,18.72801920941175,3.953089298257756
Columba_G57930PW,Columba,1,160,10.683148000180003,33.011008116948474,27.22593299419759,3.6716776819323336
Columba_G57930PW,Columba,2,160,9.69424558687435,38.022711516417615,32.100961814090475,3.761530273705104
Columba_G57930PW,Columba,3,160,9.69425047946631,30.839204645131574,32.101021153144536,2.0920652475484616
Columba_G57930PW,Columba,4,160,9.551391136404474,35.5731376911207,30.105735376856273,2.3684277485285476
Columba_G57930PW,Columba,5,160,9.659875521658927,30.050920977601695,17.50106067908892,2.689801107888834
Columba_G57930PW,Columba,6,160,10.683147989512282,32.9671183789887,27.225865958496136,3.622058668768357
Columba_G57930PW,Columba,7,160,9.551375472657721,35.77411986795581,30.105730128061033,2.509794214671792
Columba_G57930PW,Columba,8,160,9.55136935132291,35.723858408627116,30.105731930843245,2.564346700428784
Columba_G57930PW,Columba,9,160,10.683147989512282,32.9671183789887,27.225865958496136,3.622058668768357
Columba_G57930PW,Columba,10,160,9.55136935132291,35.723858408627116,30.105731930843245,2.564346700428784
Columba_G57930PW,Columba,11,160,9.551388906642714,35.71587296100548,30.10564681578432,2.3961919789532717
Columba_G57930PW,Columba,12,160,9.55135645208599,35.695675309049214,30.105856347648377,2.5048263412859573
Columba_G57930PW,Columba,13,160,9.551374852618569,35.74764548434892,30.105689044277785,2.5649571146512353
Columba_G57930PW,Columba,14,160,10.683132758507611,33.17693469065145,27.225895334814968,3.867354910012785
Columba_G57930PW,Columba,15,160,9.551374852618569,35.74764548434892,30.105689044277785,2.5649571146512353
Columba_G57930PW,Columba,16,160,10.683211375848307,32.58880976570548,27.226119762358756,3.2608564825824513
Columba_G57930PW,Columba,17,160,10.683156701654683,32.52828085787466,27.226072136040187,3.308515981524043
Columba_G57930PW,Columba,18,160,9.551345469215564,35.66954523707697,30.105573414117295,2.3550214436391026
Columba_G57930PW,Columba,19,160,10.683132758507611,33.17693469065145,27.225895334814968,3.867354910012785
Columba_G57930PW,Columba,20,160,9.551374852618569,35.74764548434892,30.105689044277785,2.5649571146512353
Columba_G57930PW,Columba,21,160,9.69424524445552,33.377098162153956,32.100959412705116,2.676341159120041
Columba_G57930PW,Columba,22,160,9.551374852618569,35.74764548434892,30.105689044277785,2.5649571146512353
Columba_G57930PW,Columba,23,160,9.551374852618569,35.74764548434892,30.105689044277785,2.5649571146512353
Columba_G57930PW,Columba,24,160,9.694240315642164,32.785749105798175,32.10081701463375,2.9252863107737
Columba_G57930PW,Columba,25,160,9.55136935132291,35.723858408627116,30.105731930843245,2.564346700428784
Columba_G57930PW,Columba,26,160,9.694288568465035,29.592297613055457,32.10118973304025,1.7200447668592809
Columba_G57930PW,Columba,27,160,9.551375472657721,35.77411986795581,30.105730128061033,2.509794214671792
Columba_G57930PW,Columba,28,160,10.68320097047448,35.33361590480449,27.226222882390434,2.1421832321255807
Columba_G57930PW,Columba,29,160,9.551375472657721,35.77411986795581,30.105730128061033,2.509794214671792
Columba_G57930PW,Columba,30,160,9.659875521658927,30.050920977601695,17.50106067908892,2.689801107888834
Columba_G57930PW,Columba,31,160,9.551391136404474,35.5731376911207,30.105735376856273,2.3684277485285476
Columba_G57930PW,Columba,32,160,9.55135645208599,35.695675309049214,30.105856347648377,2.5048263412859573
Columba_G57930PW,Columba,33,160,9.551374852618569,35.74764548434892,30.105689044277785,2.5649571146512353
Columba_G57930PW,Columba,34,160,10.683132758507611,33.17693469065145,27.225895334814968,3.867354910012785
Columba_G57930PW,Columba,35,160,9.551389636950004,35.797925865234134,30.105604332710715,2.506354524004933
Columba_G57930PW,Columba,36,160,10.683156701654683,32.52828085787466,27.226072136040187,3.308515981524043
Columba_G57930PW,Columba,37,160,10.57646227942434,31.576219092974174,27.515430940220156,2.6167011675007896
Columba_G57930PW,Columba,38,160,11.291831069360912,33.191856353487964,29.554480998676926,3.0520714277355956
Columba_G57930PW,Columba,39,160,9.551389636950004,35.797925865234134,30.105604332710715,2.506354524004933
Columba_G57930PW,Columba,40,160,10.683147989512282,32.9671183789887,27.225865958496136,3.622058668768357
Columba_G57930PW,Columba,41,160,9.55136935132291,35.723858408627116,30.105731930843245,2.564346700428784
Columba_G57930PW,Columba,42,160,10.68315338622238,33.319296054351014,27.226126917275334,3.6888391127833153
Columba_G57930PW,Columba,43,160,9.55134021763888,35.70632884309102,30.105632650175785,2.4621372829312334
Columba_G57930PW,Columba,44,160,10.683132758507611,33.17693469065145,27.225895334814968,3.867354910012785
Columba_G57930PW,Columba,45,160,9.659875521658927,30.050920977601695,17.50106067908892,2.689801107888834
Columba_G57930PW,Columba,46,160,9.55134021763888,35.70632884309102,30.105632650175785,2.4621372829312334
Columba_G57930PW,Columba,47,160,9.69425047946631,30.839204645131574,32.101021153144536,2.0920652475484616
Columba_G57930PW,Columba,48,160,9.55136935132291,35.723858408627116,30.105731930843245,2.564346700428784
Columba_G57930PW,Columba,49,160,9.551374852618569,35.74764548434892,30.105689044277785,2.5649571146512353
Columba_G57930PW,Columba,50,160,9.69424524445552,33.377098162153956,32.100959412705116,2.676341159120041
Columba_G59471TH,Columba,1,103,7.405667345965445,29.585221511815234,16.99479291892499,2.858707575111522
Columba_G59471TH,Columba,2,103,6.80005915060244,24.090572582620222,16.355329861159845,2.891653852036929
Columba_G59471TH,Columba,3,103,6.956389880835585,27.469029048663106,15.800863423192023,3.4296007056215743
Columba_G59471TH,Columba,4,103,7.405667345965445,29.585221511815234,16.99479291892499,2.858707575111522
Columba_G59471TH,Columba,5,103,7.033457618649164,28.465336579144918,13.807008576687952,2.11433417415507
Columba_G59471TH,Columba,6,103,7.39665263339392,29.803966441939256,15.390296582852564,3.4306269106389276
Columba_G59471TH,Columba,7,103,6.95638969851935,27.294834947628377,15.800909265363332,3.1484761393410627
Columba_G59471TH,Columba,8,103,7.095716504831521,30.088570189133993,17.341507460131485,3.5767625025992427
Columba_G59471TH,Columba,9,103,7.396627286014853,28.58696485406781,15.390150957839953,2.5212252973504774
Columba_G59471TH,Columba,10,103,7.405646965235486,31.028975191188405,16.99477932396912,3.7070070137511197
Columba_G59471TH,Columba,11,103,6.956389880835585,27.469029048663106,15.800863423192023,3.4296007056215743
Columba_G59471TH,Columba,12,103,7.396640308003346,27.624259585409813,15.390235029898342,2.7438811927632734
Columba_G59471TH,Columba,13,103,6.95638969851935,27.294834947628377,15.800909265363332,3.1484761393410627
Columba_G59471TH,Columba,14,103,6.95638969851935,27.294834947628377,15.800909265363332,3.1484761393410627
Columba_G59471TH,Columba,15,103,7.396584325334203,27.617382247727463,15.390041155910282,2.706378576622272
Columba_G59471TH,Columba,16,103,6.800033831180085,23.30939003080963,16.355361511237387,2.3582985392015163
Columba_G59471TH,Columba,17,103,6.806397630861547,26.37069163943767,16.361946433316994,2.9694568526920873
Columba_G59471TH,Columba,18,103,7.405671503347707,29.198362565515897,16.994778955008265,2.936543035611771
Columba_G59471TH,Columba,19,103,7.095714792986967,30.513971712911182,17.341356511036185,3.8597498623615487
Columba_G59471TH,Columba,20,103,6.785511319766245,28.625466532878306,12.196687778044582,2.6944955000890256
Columba_G59471TH,Columba,21,103,6.95638969851935,27.294834947628377,15.800909265363332,3.1484761393410627
Columba_G59471TH,Columba,22,103,7.095714792986967,30.513971712911182,17.341356511036185,3.8597498623615487
Columba_G59471TH,Columba,23,103,7.095716504831521,30.088570189133993,17.341507460131485,3.5767625025992427
Columba_G59471TH,Columba,24,103,6.956412216171008,27.339627095253963,15.801136628420116,3.8957163654455127
Columba_G59471TH,Columba,25,103,6.956389880835585,27.469029048663106,15.800863423192023,3.4296007056215743
Columba_G59471TH,Columba,26,103,7.095714792986967,30.513971712911182,17.341356511036185,3.8597498623615487
Columba_G59471TH,Columba,27,103,6.800033831180085,23.30939003080963,16.355361511237387,2.3582985392015163
Columba_G59471TH,Columba,28,103,7.033457618649164,28.465336579144918,13.807008576687952,2.11433417415507
Columba_G59471TH,Columba,29,103,6.785511319766245,28.625466532878306,12.196687778044582,2.6944955000890256
Columba_G59471TH,Columba,30,103,6.800033831180085,23.30939003080963,16.355361511237387,2.3582985392015163
Columba_G59471TH,Columba,31,103,7.396635955551006,27.578636078648074,15.39004433050464,2.770342036644573
Columba_G59471TH,Columba,32,103,7.405667345965445,29.585221511815234,16.99479291892499,2.858707575111522
Columba_G59471TH,Columba,33,103,6.800051142649771,24.29254344909321,16.355256329294836,3.049143650272975
Columba_G59471TH,Columba,34,103,6.956412216171008,27.339627095253963,15.801136628420116,3.8957163654455127
Columba_G59471TH,Columba,35,103,7.095716504831521,30.088570189133993,17.341507460131485,3.5767625025992427
Columba_G59471TH,Columba,36,103,6.95638969851935,27.294834947628377,15.800909265363332,3.1484761393410627
Columba_G59471TH,Columba,37,103,7.396584325334203,27.617382247727463,15.390041155910282,2.706378576622272
Columba_G59471TH,Columba,38,103,7.405667345965445,29.585221511815234,16.99479291892499,2.858707575111522
Columba_G59471TH,Columba,39,103,7.405667345965445,29.585221511815234,16.99479291892499,2.858707575111522
Columba_G59471TH,Columba,40,103,7.405653971054494,30.177037438609926,16.994736573691977,2.904808943803362
Columba_G59471TH,Columba,41,103,7.095714792986967,30.513971712911182,17.341356511036185,3.8597498623615487
Columba_G59471TH,Columba,42,103,7.095716504831521,30.088570189133993,17.341507460131485,3.5767625025992427
Columba_G59471TH,Columba,43,103,6.956412968292456,28.331680635039163,15.801165765569973,3.85826126642559
Columba_G59471TH,Columba,44,103,7.335742014133052,30.180982519386333,14.516593765798655,2.512193861946169
Columba_G59471TH,Columba,45,103,7.405646965235486,31.028975191188405,16.99477932396912,3.7070070137511197
Columba_G59471TH,Columba,46,103,6.80005915060244,24.090572582620222,16.355329861159845,2.891653852036929
Columba_G59471TH,Columba,47,103,7.095714792986967,30.513971712911182,17.341356511036185,3.8597498623615487
Columba_G59471TH,Columba,48,103,7.033457618649164,28.465336579144918,13.807008576687952,2.11433417415507
Columba_G59471TH,Columba,49,103,7.335710204586493,29.630101658327376,14.51642791787628,1.7801968992221064
Columba_G59471TH,Columba,50,103,6.785492672111602,27.743289007653438,12.196803847186143,3.1601914498966677
Columba_G64411TU,Columba,1,149,9.41678700037263,32.39597725971356,25.593390797903208,3.0034689943463713
Columba_G64411TU,Columba,2,149,9.416818008162624,32.14757690204223,25.593547196799758,3.037172863042208
Columba_G64411TU,Columba,3,149,9.623579329248892,31.814892509284103,20.623017784949838,2.8554286893564695
Columba_G64411TU,Columba,4,149,9.41678700037263,32.39597725971356,25.593390797903208,3.0034689943463713
Columba_G64411TU,Columba,5,149,9.623577264195406,31.689807248476278,20.622992400975946,2.869897210702851
Columba_G64411TU,Columba,6,149,9.416791091481741,32.262468286788426,25.593310965728534,3.198491675774692
Columba_G64411TU,Columba,7,149,9.416791091481741,32.262468286788426,25.593310965728534,3.198491675774692
Columba_G64411TU,Columba,8,149,9.07685567459543,32.35788026227008,27.930173239935513,2.923973666092087
Columba_G64411TU,Columba,9,149,9.62353382060574,31.8705217300909,20.622917258289174,3.0414529422629566
Columba_G64411TU,Columba,10,149,9.076870278593386,34.115185368450504,27.93025785255323,2.5878891011787957
Columba_G64411TU,Columba,11,149,9.040135538551421,29.2438919292717,14.986056063838108,2.7391307015182744
Columba_G64411TU,Columba,12,149,9.623567252434636,31.792724437372826,20.623035930514003,3.303675680208333
Columba_G64411TU,Columba,13,149,9.076958332104839,34.03787647194009,27.93045429605941,2.6188134717845015
Columba_G64411TU,Columba,14,149,9.416814314104007,32.16360647175222,25.593364909680542,3.0023720622201364
Columba_G64411TU,Columba,15,149,9.623579329248892,31.814892509284103,20.623017784949838,2.8554286893564695
Columba_G64411TU,Columba,16,149,9.076870278593386,34.115185368450504,27.93025785255323,2.5878891011787957
Columba_G64411TU,Columba,17,149,9.416814314104007,32.16360647175222,25.593364909680542,3.0023720622201364
Columba_G64411TU,Columba,18,149,9.416811876031222,32.40573440669585,25.59344670422767,2.893168505289659
Columba_G64411TU,Columba,19,149,9.623558337776208,31.847966244673493,20.62287110113627,2.984608852094357
Columba_G64411TU,Columba,20,149,9.623579329248892,31.814892509284103,20.623017784949838,2.8554286893564695
Columba_G64411TU,Columba,21,149,9.076870278593386,34.115185368450504,27.93025785255323,2.5878891011787957
Columba_G64411TU,Columba,22,149,9.416815715075993,32.25644743872392,25.593324003736885,3.181077018872696
Columba_G64411TU,Columba,23,149,9.623544607707693,31.733339000988952,20.623007656399647,2.8117558571113546
Columba_G64411TU,Columba,24,149,9.416791091481741,32.262468286788426,25.593310965728534,3.198491675774692
Columba_G64411TU,Columba,25,149,9.41678700037263,32.39597725971356,25.593390797903208,3.0034689943463713
Columba_G64411TU,Columba,26,149,9.62353382060574,31.8705217300909,20.622917258289174,3.0414529422629566
Columba_G64411TU,Columba,27,149,9.623534317394727,31.770238196350824,20.62291761182513,2.7944570134464404
Columba_G64411TU,Columba,28,149,9.623579329248892,31.814892509284103,20.623017784949838,2.8554286893564695
Columba_G64411TU,Columba,29,149,9.416811876031222,32.40573440669585,25.59344670422767,2.893168505289659
Columba_G64411TU,Columba,30,149,9.623534317394727,31.770238196350824,20.62291761182513,2.7944570134464404
Columba_G64411TU,Columba,31,149,9.076958332104839,34.03787647194009,27.93045429605941,2.6188134717845015
Columba_G64411TU,Columba,32,149,7.71112280199443,28.987395229028483,15.058979664171538,2.497367814319709
Columba_G64411TU,Columba,33,149,9.62353382060574,31.8705217300909,20.622917258289174,3.0414529422629566
Columba_G64411TU,Columba,34,149,9.416814314104007,32.16360647175222,25.593364909680542,3.0023720622201364
Columba_G64411TU,Columba,35,149,9.623567252434636,31.792724437372826,20.623035930514003,3.303675680208333
Columba_G64411TU,Columba,36,149,9.416811876031222,32.40573440669585,25.59344670422767,2.893168505289659
Columba_G64411TU,Columba,37,149,9.416785680726289,31.942738325777295,25.59347829713595,2.657022581763279
Columba_G64411TU,Columba,38,149,9.416816891153573,32.28417079208839,25.593435199524052,3.1923348821826325
Columba_G64411TU,Columba,39,149,9.416811876031222,32.40573440669585,25.59344670422767,2.893168505289659
Columba_G64411TU,Columba,40,149,9.62353382060574,31.8705217300909,20.622917258289174,3.0414529422629566
Columba_G64411TU,Columba,41,149,9.62352453752734,31.667200565356264,20.622838442310762,2.936146283821704
Columba_G64411TU,Columba,42,149,9.41678700037263,32.39597725971356,25.593390797903208,3.0034689943463713
Columba_G64411TU,Columba,43,149,9.416816891153573,32.28417079208839,25.593435199524052,3.1923348821826325
Columba_G64411TU,Columba,44,149,9.416811876031222,32.40573440669585,25.59344670422767,2.893168505289659
Columba_G64411TU,Columba,45,149,9.623577264195406,31.689807248476278,20.622992400975946,2.869897210702851
Columba_G64411TU,Columba,46,149,9.416839289373202,33.388373862720215,25.59348795157897,2.523484495692415
Columba_G64411TU,Columba,47,149,7.3986315810496235,31.667171440322115,15.772279148094798,2.8145518293326908
Columba_G64411TU,Columba,48,149,9.076870278593386,34.115185368450504,27.93025785255323,2.5878891011787957
Columba_G64411TU,Columba,49,149,9.764335363017947,32.22600495547514,27.344401123180177,2.6329101769714813
Columba_G64411TU,Columba,50,149,9.076958332104839,34.03787647194009,27.93045429605941,2.6188134717845015
Columba_G74645FT,Columba,1,150,8.910453692013169,31.641015837097644,22.47789193351439,3.2631245762305796
Columba_G74645FT,Columba,2,150,8.912645617473336,33.09203681184355,21.9564378531854,3.097075233183722
Columba_G74645FT,Columba,3,150,8.396686485118865,31.718813860166346,21.95573721940512,2.902727338211428
Columba_G74645FT,Columba,4,150,8.910439848577123,31.586417712972803,22.477907319627583,2.4804719309034735
Columba_G74645FT,Columba,5,150,8.910433900698164,31.619750520218894,22.47792118140416,2.8955531423201344
Columba_G74645FT,Columba,6,150,8.912650163641938,32.87697564266702,21.956093347272127,3.17386908992794
Columba_G74645FT,Columba,7,150,8.91040097232941,33.760850262391315,22.477960823669857,2.7955160525384204
Columba_G74645FT,Columba,8,150,8.912589910198818,33.45694585671139,21.95605968416974,2.4509879640667354
Columba_G74645FT,Columba,9,150,8.912623100880882,33.039626216977325,21.956284234837028,3.0855121130859295
Columba_G74645FT,Columba,10,150,8.39664434633794,31.87537159000577,21.955691473661407,3.1459685313111443
Columba_G74645FT,Columba,11,150,8.912643916010557,32.50290115213579,21.95640131326423,2.8623605642895527
Columba_G74645FT,Columba,12,150,8.912642721692222,33.0726787585402,21.956351986627386,3.124653260763505
Columba_G74645FT,Columba,13,150,8.912629777089737,33.05201584199431,21.956216506075908,3.062528693743131
Columba_G74645FT,Columba,14,150,8.912629777089737,33.05201584199431,21.956216506075908,3.062528693743131
Columba_G74645FT,Columba,15,150,8.912615080883949,33.02049811079291,21.956257740848862,3.1125426904702844
Columba_G74645FT,Columba,16,150,8.912589910198818,33.45694585671139,21.95605968416974,2.4509879640667354
Columba_G74645FT,Columba,17,150,8.912589910198818,33.45694585671139,21.95605968416974,2.4509879640667354
Columba_G74645FT,Columba,18,150,8.912645617473336,33.09203681184355,21.9564378531854,3.097075233183722
Columba_G74645FT,Columba,19,150,8.910468245010097,31.725508413388322,22.47825503193936,3.194826599363414
Columba_G74645FT,Columba,20,150,8.912645617473336,33.09203681184355,21.9564378531854,3.097075233183722
Columba_G74645FT,Columba,21,150,8.910453692013169,31.641015837097644,22.47789193351439,3.2631245762305796
Columba_G74645FT,Columba,22,150,8.39664434633794,31.87537159000577,21.955691473661407,3.1459685313111443
Columba_G74645FT,Columba,23,150,8.910433900698164,31.619750520218894,22.47792118140416,2.8955531423201344
Columba_G74645FT,Columba,24,150,8.910454136200542,31.508419248552663,22.478029035159867,2.6660136908875764
Columba_G74645FT,Columba,25,150,8.910454136200542,31.508419248552663,22.478029035159867,2.6660136908875764
Columba_G74645FT,Columba,26,150,8.912623100880882,33.039626216977325,21.956284234837028,3.0855121130859295
Columba_G74645FT,Columba,27,150,8.912629192625735,33.18833581998735,21.956109011118546,3.248645717833817
Columba_G74645FT,Columba,28,150,8.912645617473336,33.09203681184355,21.9564378531854,3.097075233183722
Columba_G74645FT,Columba,29,150,8.910450588706373,31.021118188881353,22.477999922720116,2.4956778638277823
Columba_G74645FT,Columba,30,150,8.912650163641938,32.87697564266702,21.956093347272127,3.17386908992794
Columba_G74645FT,Columba,31,150,8.91050976656218,31.647997789339406,22.478174754009714,2.7966304725508526
Columba_G74645FT,Columba,32,150,8.910509586203373,30.61087451737993,22.47816446844977,3.0185196703019845
Columba_G74645FT,Columba,33,150,8.912629192625735,33.18833581998735,21.956109011118546,3.248645717833817
Columba_G74645FT,Columba,34,150,8.910478438457849,31.722389830524897,22.478027086937963,2.5953930338197333
Columba_G74645FT,Columba,35,150,8.912642721692222,33.0726787585402,21.956351986627386,3.124653260763505
Columba_G74645FT,Columba,36,150,8.912606463999929,30.455192810358525,21.956164616798695,2.928464614776829
Columba_G74645FT,Columba,37,150,8.910485517064838,31.65221025526307,22.477991986966934,2.61317316686055
Columba_G74645FT,Columba,38,150,8.912615080883949,33.02049811079291,21.956257740848862,3.1125426904702844
Columba_G74645FT,Columba,39,150,8.912589910198818,33.45694585671139,21.95605968416974,2.4509879640667354
Columba_G74645FT,Columba,40,150,8.910450588706373,31.021118188881353,22.477999922720116,2.4956778638277823
Columba_G74645FT,Columba,41,150,8.910478438457849,31.722389830524897,22.478027086937963,2.5953930338197333
Columba_G74645FT,Columba,42,150,8.910433900698164,31.619750520218894,22.47792118140416,2.8955531423201344
Columba_G74645FT,Columba,43,150,8.912629192625735,33.18833581998735,21.956109011118546,3.248645717833817
Columba_G74645FT,Columba,44,150,8.912642721692222,33.0726787585402,21.956351986627386,3.124653260763505
Columba_G74645FT,Columba,45,150,8.910450588706373,31.021118188881353,22.477999922720116,2.4956778638277823
Columba_G74645FT,Columba,46,150,8.912629777089737,33.05201584199431,21.956216506075908,3.062528693743131
Columba_G74645FT,Columba,47,150,8.910478438457849,31.722389830524897,22.478027086937963,2.5953930338197333
Columba_G74645FT,Columba,48,150,8.91050976656218,31.647997789339406,22.478174754009714,2.7966304725508526
Columba_G74645FT,Columba,49,150,8.91260372242216,33.635426981255826,21.956318249741,2.2967635925362453
Columba_G74645FT,Columba,50,150,8.910485517064838,31.65221025526307,22.477991986966934,2.61317316686055
Columba_G75051CY,Columba,1,139,8.799151144751097,30.197617967838706,22.00467267103366,2.980902715621561
Columba_G75051CY,Columba,2,139,9.401669999134771,32.72352828136264,20.117524922677426,3.508712014400725
Columba_G75051CY,Columba,3,139,8.612194194984795,32.26983941035479,20.40704809571991,3.4072480097580216
Columba_G75051CY,Columba,4,139,8.31172491905033,31.659223207107754,19.500135699456692,2.662379574741364
Columba_G75051CY,Columba,5,139,8.799198943683168,29.787138391651713,22.004605897406126,2.967324889525918
Columba_G75051CY,Columba,6,139,9.401676610672265,33.29021860698594,20.117564874450807,2.974920671211252
Columba_G75051CY,Columba,7,139,8.994704431828294,29.674886035303818,22.9445578853437,2.5249803959635018
Columba_G75051CY,Columba,8,139,8.99469251831847,30.409381820612005,22.944527753426375,3.0546490796816577
Columba_G75051CY,Columba,9,139,8.79915799822158,29.86621781799789,22.00468504868632,3.113387062348657
Columba_G75051CY,Columba,10,139,9.20432814994607,30.786354922719358,19.501639325622318,3.3498040241184253
Columba_G75051CY,Columba,11,139,8.612194194984795,32.26983941035479,20.40704809571991,3.4072480097580216
Columba_G75051CY,Columba,12,139,9.116314013548651,33.392806184121156,23.51938566124102,2.6202612465172246
Columba_G75051CY,Columba,13,139,8.79915799822158,29.86621781799789,22.00468504868632,3.113387062348657
Columba_G75051CY,Columba,14,139,8.612159012061051,32.21839452478661,20.407262603172445,3.225970396640367
Columba_G75051CY,Columba,15,139,9.40167084197691,33.01713454637216,20.117471579476735,3.204020911292559
Columba_G75051CY,Columba,16,139,9.116314013548651,33.392806184121156,23.51938566124102,2.6202612465172246
Columba_G75051CY,Columba,17,139,8.612159012061051,32.21839452478661,20.407262603172445,3.225970396640367
Columba_G75051CY,Columba,18,139,8.311717216347018,30.64151354913487,19.499972272003717,3.095973837098756
Columba_G75051CY,Columba,19,139,9.401676610672265,33.29021860698594,20.117564874450807,2.974920671211252
Columba_G75051CY,Columba,20,139,8.74461997595584,33.85921316609343,21.826812650234068,4.111297118915148
Columba_G75051CY,Columba,21,139,8.311674305803079,30.13368002489282,19.499721891372374,2.7420680152031243
Columba_G75051CY,Columba,22,139,9.401676610672265,33.29021860698594,20.117564874450807,2.974920671211252
Columba_G75051CY,Columba,23,139,8.612159012061051,32.21839452478661,20.407262603172445,3.225970396640367
Columba_G75051CY,Columba,24,139,8.612194194984795,32.26983941035479,20.40704809571991,3.4072480097580216
Columba_G75051CY,Columba,25,139,9.401679580716456,32.94645575479988,20.11756188009396,3.1549754357205386
Columba_G75051CY,Columba,26,139,8.61217394781041,32.27405705997333,20.4069726541585,2.993074840360663
Columba_G75051CY,Columba,27,139,8.79915799822158,29.86621781799789,22.00468504868632,3.113387062348657
Columba_G75051CY,Columba,28,139,8.99465848621155,30.209279485643506,22.944399423123702,2.237821261852698
Columba_G75051CY,Columba,29,139,8.994649589726368,30.488635805417996,22.944292881360386,2.8521558512816223
Columba_G75051CY,Columba,30,139,8.61217394781041,32.27405705997333,20.4069726541585,2.993074840360663
Columba_G75051CY,Columba,31,139,8.311717216347018,30.64151354913487,19.499972272003717,3.095973837098756
Columba_G75051CY,Columba,32,139,9.401679580716456,32.94645575479988,20.11756188009396,3.1549754357205386
Columba_G75051CY,Columba,33,139,8.994675361291712,29.361664810818425,22.944547500037764,2.0363806127539124
Columba_G75051CY,Columba,34,139,8.79915799822158,29.86621781799789,22.00468504868632,3.113387062348657
Columba_G75051CY,Columba,35,139,9.401679580716456,32.94645575479988,20.11756188009396,3.1549754357205386
Columba_G75051CY,Columba,36,139,8.99469251831847,30.409381820612005,22.944527753426375,3.0546490796816577
Columba_G75051CY,Columba,37,139,8.799167265428082,29.811958673539852,22.00456839970478,2.9404152767933995
Columba_G75051CY,Columba,38,139,8.799167265428082,29.811958673539852,22.00456839970478,2.9404152767933995
Columba_G75051CY,Columba,39,139,8.799196083539554,30.152809762712312,22.004792435901685,2.9560280783510837
Columba_G75051CY,Columba,40,139,8.612194194984795,32.26983941035479,20.40704809571991,3.4072480097580216
Columba_G75051CY,Columba,41,139,8.994697234329214,30.612954923637897,22.944606092139296,2.7593531850779818
Columba_G75051CY,Columba,42,139,8.79915799822158,29.86621781799789,22.00468504868632,3.113387062348657
Columba_G75051CY,Columba,43,139,9.274496555252897,33.59653597616909,21.58451340408899,2.77669749882842
Columba_G75051CY,Columba,44,139,8.735619508636987,30.684227143219857,22.067282386614703,3.0516366100831855
Columba_G75051CY,Columba,45,139,8.799132329372362,30.191699739870455,22.004504999409985,3.010690452371349
Columba_G75051CY,Columba,46,139,8.994703904745318,30.386464249479808,22.94452668803644,3.002114254987642
Columba_G75051CY,Columba,47,139,8.994703904745318,30.386464249479808,22.94452668803644,3.002114254987642
Columba_G75051CY,Columba,48,139,9.401679580716456,32.94645575479988,20.11756188009396,3.1549754357205386
Columba_G75051CY,Columba,49,139,8.311717216347018,30.64151354913487,19.499972272003717,3.095973837098756
Columba_G75051CY,Columba,50,139,8.994703904745318,30.386464249479808,22.94452668803644,3.002114254987642
Columba_Hex11_GS00635,Columba,1,149,10.166848301537161,29.655841864781475,19.365082758477,3.4706575745815087
Columba_Hex11_GS00635,Columba,2,149,10.814160723787248,34.57422677123984,32.600556807689706,2.6933597977247676
Columba_Hex11_GS00635,Columba,3,149,8.341307854247855,30.89857224229992,17.051087887212937,2.8694482047947822
Columba_Hex11_GS00635,Columba,4,149,10.625653332119457,35.300337926738464,33.50420582105433,3.0114440057885847
Columba_Hex11_GS00635,Columba,5,149,10.625639839981806,32.64159506642266,33.5042465101147,3.144668344992839
Columba_Hex11_GS00635,Columba,6,149,9.827157119759452,35.722483739794434,31.328650195342117,2.592007137335852
Columba_Hex11_GS00635,Columba,7,149,10.81413890038591,34.486969070818475,32.60045308659203,2.7300421242171344
Columba_Hex11_GS00635,Columba,8,149,9.795778712749827,27.44155103460661,16.262704990479094,3.3961291200424037
Columba_Hex11_GS00635,Columba,9,149,9.286678577837327,34.330453492212925,29.58745290086071,2.704255350369118
Columba_Hex11_GS00635,Columba,10,149,11.20621589943052,35.808052704516285,30.179581395725872,2.8328464483624938
Columba_Hex11_GS00635,Columba,11,149,9.795808398838165,30.078014862948773,16.26267626727853,2.6137069460825177
Columba_Hex11_GS00635,Columba,12,149,8.341307854247855,30.89857224229992,17.051087887212937,2.8694482047947822
Columba_Hex11_GS00635,Columba,13,149,9.795766662663338,30.14053984514251,16.262719935025164,2.790324174715188
Columba_Hex11_GS00635,Columba,14,149,9.286687606532254,34.73060282357635,29.58754089167694,2.3343358798596223
Columba_Hex11_GS00635,Columba,15,149,11.587355799469284,32.67261282158086,29.83121375429353,2.6700803358700655
Columba_Hex11_GS00635,Columba,16,149,8.341307854247855,30.89857224229992,17.051087887212937,2.8694482047947822
Columba_Hex11_GS00635,Columba,17,149,9.79577579937156,29.95599694913569,16.26242722386232,2.823299133992004
Columba_Hex11_GS00635,Columba,18,149,10.166848301537161,29.655841864781475,19.365082758477,3.4706575745815087
Columba_Hex11_GS00635,Columba,19,149,9.286669590210705,34.64506590965232,29.587502577477224,2.7287220452072427
Columba_Hex11_GS00635,Columba,20,149,9.286669590210705,34.64506590965232,29.587502577477224,2.7287220452072427
Columba_Hex11_GS00635,Columba,21,149,9.795768762869054,30.17060570183373,16.262536475962804,2.5755517855403336
Columba_Hex11_GS00635,Columba,22,149,9.795822677807513,30.037109140969516,16.262876553343762,2.6359793246533636
Columba_Hex11_GS00635,Columba,23,149,10.625639457353293,31.683304437735803,33.50416126204699,2.649861505814975
Columba_Hex11_GS00635,Columba,24,149,9.79577579937156,29.95599694913569,16.26242722386232,2.823299133992004
Columba_Hex11_GS00635,Columba,25,149,10.625653332119457,35.300337926738464,33.50420582105433,3.0114440057885847
Columba_Hex11_GS00635,Columba,26,149,9.286678577837327,34.330453492212925,29.58745290086071,2.704255350369118
Columba_Hex11_GS00635,Columba,27,149,11.587355799469284,32.67261282158086,29.83121375429353,2.6700803358700655
Columba_Hex11_GS00635,Columba,28,149,10.166809625296866,29.66104700522652,19.365010582663572,3.1539405511201384
Columba_Hex11_GS00635,Columba,29,149,8.341307854247855,30.89857224229992,17.051087887212937,2.8694482047947822
Columba_Hex11_GS00635,Columba,30,149,9.795760049295865,30.04868576363229,16.262723585048523,2.702232595466202
Columba_Hex11_GS00635,Columba,31,149,9.286678577837327,34.330453492212925,29.58745290086071,2.704255350369118
Columba_Hex11_GS00635,Columba,32,149,9.286678577837327,34.330453492212925,29.58745290086071,2.704255350369118
Columba_Hex11_GS00635,Columba,33,149,10.814176007955862,34.54308573528614,32.60066267742632,2.7932656515269008
Columba_Hex11_GS00635,Columba,34,149,9.286687606532254,34.73060282357635,29.58754089167694,2.3343358798596223
Columba_Hex11_GS00635,Columba,35,149,11.587355799469284,32.67261282158086,29.83121375429353,2.6700803358700655
Columba_Hex11_GS00635,Columba,36,149,10.625656025072278,34.99798262599748,33.50410125182292,3.494081424351756
Columba_Hex11_GS00635,Columba,37,149,8.231133137019286,28.074156248361636,20.381512198894953,3.4044372515879906
Columba_Hex11_GS00635,Columba,38,149,9.795801259704344,29.937110320810156,16.262729026171765,2.8143606734034643
Columba_Hex11_GS00635,Columba,39,149,9.795778712749827,27.44155103460661,16.262704990479094,3.3961291200424037
Columba_Hex11_GS00635,Columba,40,149,10.625656025072278,34.99798262599748,33.50410125182292,3.494081424351756
Columba_Hex11_GS00635,Columba,41,149,9.79577579937156,29.95599694913569,16.26242722386232,2.823299133992004
Columba_Hex11_GS00635,Columba,42,149,10.166809625296866,29.66104700522652,19.365010582663572,3.1539405511201384
Columba_Hex11_GS00635,Columba,43,149,9.795750744489622,27.175820604025994,16.262660676625387,3.76174228250687
Columba_Hex11_GS00635,Columba,44,149,8.231139640327367,33.07052530196891,20.381619246736733,3.4962455577376144
Columba_Hex11_GS00635,Columba,45,149,8.231139640327367,33.07052530196891,20.381619246736733,3.4962455577376144
Columba_Hex11_GS00635,Columba,46,149,10.814160723787248,34.57422677123984,32.600556807689706,2.6933597977247676
Columba_Hex11_GS00635,Columba,47,149,9.795766662663338,30.14053984514251,16.262719935025164,2.790324174715188
Columba_Hex11_GS00635,Columba,48,149,9.795822677807513,30.037109140969516,16.262876553343762,2.6359793246533636
Columba_Hex11_GS00635,Columba,49,149,10.814154411259217,33.712860886612894,32.60056518286324,2.614062164524785
Columba_Hex11_GS00635,Columba,50,149,9.827157119759452,35.722483739794434,31.328650195342117,2.592007137335852
Columba_NeuAc1_GS00061,Columba,1,156,10.770939854672617,31.053278171152698,21.8772535305435,4.217715376836137
Columba_NeuAc1_GS00061,Columba,2,156,10.707389635039743,29.843299585402548,15.16773120924845,4.083610412367957
Columba_NeuAc1_GS00061,Columba,3,156,9.654335812591647,32.242367356922394,23.911535309420955,3.9554035192379544
Columba_NeuAc1_GS00061,Columba,4,156,9.654324550110223,30.569626482454325,23.911430513705273,2.923608215886664
Columba_NeuAc1_GS00061,Columba,5,156,9.654348415870336,30.436476524626894,23.911594415111747,2.997114779250207
Columba_NeuAc1_GS00061,Columba,6,156,8.8144061382104,30.786466131802285,24.361293833168336,3.6319056981149718
Columba_NeuAc1_GS00061,Columba,7,156,8.814390736962823,31.33570393892023,24.361064891070775,3.8768556847011983
Columba_NeuAc1_GS00061,Columba,8,156,8.814370087536835,33.283202181703274,24.361144947498243,3.6320096365510928
Columba_NeuAc1_GS00061,Columba,9,156,8.814396136591158,34.783599555101624,24.361136912709846,3.9833157042845593
Columba_NeuAc1_GS00061,Columba,10,156,8.814353126356995,31.914179484777247,24.361062241970828,3.5865897451478888
Columba_NeuAc1_GS00061,Columba,11,156,9.654352922423906,30.49419473871338,23.911382945042998,2.998343209174028
Columba_NeuAc1_GS00061,Columba,12,156,9.654352922423906,30.49419473871338,23.911382945042998,2.998343209174028
Columba_NeuAc1_GS00061,Columba,13,156,8.814360619651284,33.22924380622082,24.361159264810436,3.2903315942318034
Columba_NeuAc1_GS00061,Columba,14,156,8.81439179475335,32.872869853757344,24.36133393860215,3.9593306252446268
Columba_NeuAc1_GS00061,Columba,15,156,8.814360619651284,33.22924380622082,24.361159264810436,3.2903315942318034
Columba_NeuAc1_GS00061,Columba,16,156,8.81441087218128,32.91199162149275,24.361204371011322,4.111651371407843
Columba_NeuAc1_GS00061,Columba,17,156,8.81441087218128,32.91199162149275,24.361204371011322,4.111651371407843
Columba_NeuAc1_GS00061,Columba,18,156,8.814391893584604,32.714280963065015,24.36112549117695,3.8106222588968324
Columba_NeuAc1_GS00061,Columba,19,156,8.8144061382104,30.786466131802285,24.361293833168336,3.6319056981149718
Columba_NeuAc1_GS00061,Columba,20,156,9.046734330054399,27.184932790534322,24.68508161218521,3.431637947103394
Columba_NeuAc1_GS00061,Columba,21,156,8.81439179475335,32.872869853757344,24.36133393860215,3.9593306252446268
Columba_NeuAc1_GS00061,Columba,22,156,8.814398398156566,33.33726205278514,24.36130269430621,3.8502070074218087
Columba_NeuAc1_GS00061,Columba,23,156,8.814360619651284,33.22924380622082,24.361159264810436,3.2903315942318034
Columba_NeuAc1_GS00061,Columba,24,156,9.654336528007626,30.432352462771203,23.91160172772275,2.891089932879987
Columba_NeuAc1_GS00061,Columba,25,156,9.654348415870336,30.436476524626894,23.911594415111747,2.997114779250207
Columba_NeuAc1_GS00061,Columba,26,156,8.814396136591158,34.783599555101624,24.361136912709846,3.9833157042845593
Columba_NeuAc1_GS00061,Columba,27,156,8.8144061382104,30.786466131802285,24.361293833168336,3.6319056981149718
Columba_NeuAc1_GS00061,Columba,28,156,8.814369624182588,32.22778501298393,24.36118904750491,3.7615902222331448
Columba_NeuAc1_GS00061,Columba,29,156,8.814419861326135,32.48686802380516,24.361330877256048,3.462696925807974
Columba_NeuAc1_GS00061,Columba,30,156,8.81441087218128,32.91199162149275,24.361204371011322,4.111651371407843
Columba_NeuAc1_GS00061,Columba,31,156,9.654352922423906,30.49419473871338,23.911382945042998,2.998343209174028
Columba_NeuAc1_GS00061,Columba,32,156,8.814391893584604,32.714280963065015,24.36112549117695,3.8106222588968324
Columba_NeuAc1_GS00061,Columba,33,156,9.65439097593242,30.38929331509853,23.91172872196058,2.8320963966644945
Columba_NeuAc1_GS00061,Columba,34,156,9.046734330054399,27.184932790534322,24.68508161218521,3.431637947103394
Columba_NeuAc1_GS00061,Columba,35,156,9.797298131993905,26.377333095630853,16.391051593963162,3.1896700456316784
Columba_NeuAc1_GS00061,Columba,36,156,8.814370087536835,33.283202181703274,24.361144947498243,3.6320096365510928
Columba_NeuAc1_GS00061,Columba,37,156,8.814332522776429,30.989635896191285,24.36098667498591,3.7505026329813447
Columba_NeuAc1_GS00061,Columba,38,156,8.814400954014468,33.90249515931867,24.361283334445456,4.082926156569575
Columba_NeuAc1_GS00061,Columba,39,156,8.8144061382104,30.786466131802285,24.361293833168336,3.6319056981149718
Columba_NeuAc1_GS00061,Columba,40,156,8.814360619651284,33.22924380622082,24.361159264810436,3.2903315942318034
Columba_NeuAc1_GS00061,Columba,41,156,9.046734330054399,27.184932790534322,24.68508161218521,3.431637947103394
Columba_NeuAc1_GS00061,Columba,42,156,8.814360619651284,33.22924380622082,24.361159264810436,3.2903315942318034
Columba_NeuAc1_GS00061,Columba,43,156,9.654348415870336,30.436476524626894,23.911594415111747,2.997114779250207
Columba_NeuAc1_GS00061,Columba,44,156,8.814370087536835,33.283202181703274,24.361144947498243,3.6320096365510928
Columba_NeuAc1_GS00061,Columba,45,156,8.81441087218128,32.91199162149275,24.361204371011322,4.111651371407843
Columba_NeuAc1_GS00061,Columba,46,156,9.654359102589213,30.18838013973098,23.91152148479707,2.755017241325361
Columba_NeuAc1_GS00061,Columba,47,156,9.65429982572745,30.655566914252354,23.911153192585324,3.1242986412953546
Columba_NeuAc1_GS00061,Columba,48,156,8.814400954014468,33.90249515931867,24.361283334445456,4.082926156569575
Columba_NeuAc1_GS00061,Columba,49,156,9.654388410229156,29.91921330018641,23.911690232196914,2.655974397466964
Columba_NeuAc1_GS00061,Columba,50,156,8.814353126356995,31.914179484777247,24.361062241970828,3.5865897451478888
Columba_NeuAc1_GS00062,Columba,1,156,9.884504303278952,28.5212450386713,25.69680023431608,3.003998834886592
Columba_NeuAc1_GS00062,Columba,2,156,9.922906947208327,34.53983589006129,27.73442009235886,3.963984233066524
Columba_NeuAc1_GS00062,Columba,3,156,9.884423198635096,29.224904365034856,25.696384246650936,2.7462610946521453
Columba_NeuAc1_GS00062,Columba,4,156,9.884423198635096,29.224904365034856,25.696384246650936,2.7462610946521453
Columba_NeuAc1_GS00062,Columba,5,156,9.92291992712096,32.57016523082876,27.73447676748148,4.182226440545754
Columba_NeuAc1_GS00062,Columba,6,156,9.884476348946512,30.18878558336236,25.696611163908997,2.8095060064004125
Columba_NeuAc1_GS00062,Columba,7,156,10.043476824983188,31.84466509188912,25.74702974719926,3.9977115954005473
Columba_NeuAc1_GS00062,Columba,8,156,9.884444510564117,28.83317355595838,25.696403282283796,2.765131099966148
Columba_NeuAc1_GS00062,Columba,9,156,9.884404803410144,27.428763570020458,25.69638210825642,3.4292767459043025
Columba_NeuAc1_GS00062,Columba,10,156,9.88448565253545,27.45813861470777,25.696506101734524,3.4143585049024954
Columba_NeuAc1_GS00062,Columba,11,156,9.884476300103994,30.229046301604775,25.696621470593346,2.8618675720584967
Columba_NeuAc1_GS00062,Columba,12,156,9.884455147473624,29.266320940417614,25.696471258541926,2.808187493740402
Columba_NeuAc1_GS00062,Columba,13,156,10.740248196958252,28.795866596831416,17.48125429321889,3.1416678691421223
Columba_NeuAc1_GS00062,Columba,14,156,9.884423198635096,29.224904365034856,25.696384246650936,2.7462610946521453
Columba_NeuAc1_GS00062,Columba,15,156,9.88444028271609,28.99556522334494,25.696577004004933,2.8319330853676608
Columba_NeuAc1_GS00062,Columba,16,156,9.884455147473624,29.266320940417614,25.696471258541926,2.808187493740402
Columba_NeuAc1_GS00062,Columba,17,156,9.884465131182838,27.364056773985116,25.69647531464228,3.374598050138712
Columba_NeuAc1_GS00062,Columba,18,156,9.884440751263405,30.114767633359197,25.696379624610387,3.1344227538735105
Columba_NeuAc1_GS00062,Columba,19,156,9.884476484644653,29.68473995740236,25.696739432042058,2.7698404286167815
Columba_NeuAc1_GS00062,Columba,20,156,9.884476300103994,30.229046301604775,25.696621470593346,2.8618675720584967
Columba_NeuAc1_GS00062,Columba,21,156,9.88444028271609,28.99556522334494,25.696577004004933,2.8319330853676608
Columba_NeuAc1_GS00062,Columba,22,156,9.884476484644653,29.68473995740236,25.696739432042058,2.7698404286167815
Columba_NeuAc1_GS00062,Columba,23,156,9.884489343473323,29.164081364779893,25.696689207446195,2.816547176952661
Columba_NeuAc1_GS00062,Columba,24,156,9.884476348946512,30.18878558336236,25.696611163908997,2.8095060064004125
Columba_NeuAc1_GS00062,Columba,25,156,9.884476348946512,30.18878558336236,25.696611163908997,2.8095060064004125
Columba_NeuAc1_GS00062,Columba,26,156,9.922920759411474,29.297377261988615,27.73453438655184,3.642342927292816
Columba_NeuAc1_GS00062,Columba,27,156,9.884476348946512,30.18878558336236,25.696611163908997,2.8095060064004125
Columba_NeuAc1_GS00062,Columba,28,156,9.88448565253545,27.45813861470777,25.696506101734524,3.4143585049024954
Columba_NeuAc1_GS00062,Columba,29,156,9.884497439088967,27.838520510220206,25.696642456976438,3.047081390445617
Columba_NeuAc1_GS00062,Columba,30,156,9.88445934501991,27.491058030592676,25.69645770267782,3.313773981429633
Columba_NeuAc1_GS00062,Columba,31,156,9.884475917617895,27.35052447440648,25.696636118889817,3.3001480269830332
Columba_NeuAc1_GS00062,Columba,32,156,9.884404803410144,27.428763570020458,25.69638210825642,3.4292767459043025
Columba_NeuAc1_GS00062,Columba,33,156,9.884423198635096,29.224904365034856,25.696384246650936,2.7462610946521453
Columba_NeuAc1_GS00062,Columba,34,156,9.884444510564117,28.83317355595838,25.696403282283796,2.765131099966148
Columba_NeuAc1_GS00062,Columba,35,156,9.884423198635096,29.224904365034856,25.696384246650936,2.7462610946521453
Columba_NeuAc1_GS00062,Columba,36,156,9.884476300103994,30.229046301604775,25.696621470593346,2.8618675720584967
Columba_NeuAc1_GS00062,Columba,37,156,9.884476484644653,29.68473995740236,25.696739432042058,2.7698404286167815
Columba_NeuAc1_GS00062,Columba,38,156,9.884476484644653,29.68473995740236,25.696739432042058,2.7698404286167815
Columba_NeuAc1_GS00062,Columba,39,156,9.88444028271609,28.99556522334494,25.696577004004933,2.8319330853676608
Columba_NeuAc1_GS00062,Columba,40,156,9.884476300103994,30.229046301604775,25.696621470593346,2.8618675720584967
Columba_NeuAc1_GS00062,Columba,41,156,9.884504303278952,28.5212450386713,25.69680023431608,3.003998834886592
Columba_NeuAc1_GS00062,Columba,42,156,9.884404803410144,27.428763570020458,25.69638210825642,3.4292767459043025
Columba_NeuAc1_GS00062,Columba,43,156,10.740245495112424,29.225258148962638,17.48115753264856,2.9442345354947523
Columba_NeuAc1_GS00062,Columba,44,156,9.884430613894633,27.811900794264975,25.696408969615277,3.528312061028616
Columba_NeuAc1_GS00062,Columba,45,156,9.884476458637435,28.94243083947693,25.696606537913468,2.7131343497880818
Columba_NeuAc1_GS00062,Columba,46,156,9.922884331006792,32.40651223687493,27.734393991905893,4.177506792334395
Columba_NeuAc1_GS00062,Columba,47,156,9.884444510564117,28.83317355595838,25.696403282283796,2.765131099966148
Columba_NeuAc1_GS00062,Columba,48,156,9.92293576735512,29.510608412515154,27.734550812687242,3.8083959878142934
Columba_NeuAc1_GS00062,Columba,49,156,10.043511901238638,30.12919470796042,25.747211146298767,4.021338334435439
Columba_NeuAc1_GS00062,Columba,50,156,10.740270613773387,28.489161301858317,17.481314888481787,3.2490547856261207
Columba_NeuAc1_GS00496,Columba,1,156,8.773657495932559,29.22421892635915,22.148002040179982,2.522728086813955
Columba_NeuAc1_GS00496,Columba,2,156,8.773649695819895,29.045381784274173,22.147996833646406,2.7751844983712357
Columba_NeuAc1_GS00496,Columba,3,156,8.773639169413439,28.85521824683962,22.148077950065762,2.7132093542518976
Columba_NeuAc1_GS00496,Columba,4,156,8.773654686834611,29.01462277408615,22.14781703018334,2.691439206075442
Columba_NeuAc1_GS00496,Columba,5,156,8.77360628967733,30.341720887660532,22.147705926245603,2.164906695449021
Columba_NeuAc1_GS00496,Columba,6,156,8.77365387552406,29.074559321532597,22.147869005168523,2.7482869209745924
Columba_NeuAc1_GS00496,Columba,7,156,8.773657749815492,27.595276987874428,22.14800058337556,2.797657055466234
Columba_NeuAc1_GS00496,Columba,8,156,8.773654686834611,29.01462277408615,22.14781703018334,2.691439206075442
Columba_NeuAc1_GS00496,Columba,9,156,8.773649695819895,29.045381784274173,22.147996833646406,2.7751844983712357
Columba_NeuAc1_GS00496,Columba,10,156,8.773620825770575,29.08687993192615,22.14795684072526,2.5395483850480187
Columba_NeuAc1_GS00496,Columba,11,156,8.773641849623985,28.582122469153006,22.14787519553443,2.779810425190897
Columba_NeuAc1_GS00496,Columba,12,156,8.77365387552406,29.074559321532597,22.147869005168523,2.7482869209745924
Columba_NeuAc1_GS00496,Columba,13,156,8.773632175766075,28.920703375096796,22.147937753617356,2.7004440375612306
Columba_NeuAc1_GS00496,Columba,14,156,8.773657749815492,27.595276987874428,22.14800058337556,2.797657055466234
Columba_NeuAc1_GS00496,Columba,15,156,8.773654686834611,29.01462277408615,22.14781703018334,2.691439206075442
Columba_NeuAc1_GS00496,Columba,16,156,8.773632379316066,28.95944211509491,22.147913884530592,2.7630144769798077
Columba_NeuAc1_GS00496,Columba,17,156,8.773649695819895,29.045381784274173,22.147996833646406,2.7751844983712357
Columba_NeuAc1_GS00496,Columba,18,156,8.773654686834611,29.01462277408615,22.14781703018334,2.691439206075442
Columba_NeuAc1_GS00496,Columba,19,156,8.773657749815492,27.595276987874428,22.14800058337556,2.797657055466234
Columba_NeuAc1_GS00496,Columba,20,156,8.773585901373906,29.014893009473006,22.147765109854195,2.7123086107594774
Columba_NeuAc1_GS00496,Columba,21,156,8.773657749815492,27.595276987874428,22.14800058337556,2.797657055466234
Columba_NeuAc1_GS00496,Columba,22,156,9.748022773247648,33.83169643995507,24.191393906796232,3.045714694451861
Columba_NeuAc1_GS00496,Columba,23,156,8.773639793837104,28.918778939599207,22.14792951324354,2.6787254431912197
Columba_NeuAc1_GS00496,Columba,24,156,8.773649695819895,29.045381784274173,22.147996833646406,2.7751844983712357
Columba_NeuAc1_GS00496,Columba,25,156,8.773668102341482,28.751956261758366,22.147962991300673,2.82312645837908
Columba_NeuAc1_GS00496,Columba,26,156,8.773600211722181,28.995690073506033,22.147706532594896,2.734842774274237
Columba_NeuAc1_GS00496,Columba,27,156,8.77363257888273,29.08474695254216,22.147931821638917,2.5979309074723296
Columba_NeuAc1_GS00496,Columba,28,156,8.773641849623985,28.582122469153006,22.14787519553443,2.779810425190897
Columba_NeuAc1_GS00496,Columba,29,156,8.773657495932559,29.22421892635915,22.148002040179982,2.522728086813955
Columba_NeuAc1_GS00496,Columba,30,156,8.773627302210398,27.568534626302,22.14777738142528,2.80605791102037
Columba_NeuAc1_GS00496,Columba,31,156,8.773657495932559,29.22421892635915,22.148002040179982,2.522728086813955
Columba_NeuAc1_GS00496,Columba,32,156,8.773657749815492,27.595276987874428,22.14800058337556,2.797657055466234
Columba_NeuAc1_GS00496,Columba,33,156,8.77360628967733,30.341720887660532,22.147705926245603,2.164906695449021
Columba_NeuAc1_GS00496,Columba,34,156,11.49937032813456,32.15945838667651,23.99828427888805,3.5013781572403744
Columba_NeuAc1_GS00496,Columba,35,156,8.773632379316066,28.95944211509491,22.147913884530592,2.7630144769798077
Columba_NeuAc1_GS00496,Columba,36,156,8.773600211722181,28.995690073506033,22.147706532594896,2.734842774274237
Columba_NeuAc1_GS00496,Columba,37,156,8.877227703231439,29.059416592491495,20.74275241906891,2.413321984319539
Columba_NeuAc1_GS00496,Columba,38,156,8.773621236571058,28.207952262200365,22.148090914711894,2.8493586997779006
Columba_NeuAc1_GS00496,Columba,39,156,11.499394707755926,32.14386060509098,23.998499619125713,3.2290198203169957
Columba_NeuAc1_GS00496,Columba,40,156,8.773639793837104,28.918778939599207,22.14792951324354,2.6787254431912197
Columba_NeuAc1_GS00496,Columba,41,156,8.77367547471374,28.96681562941313,22.14795811371916,2.761935191129582
Columba_NeuAc1_GS00496,Columba,42,156,8.773631580452221,28.628919228441873,22.14781913457914,2.8438730632712854
Columba_NeuAc1_GS00496,Columba,43,156,8.773660955435794,28.50431791222454,22.147857113523973,3.152289485437529
Columba_NeuAc1_GS00496,Columba,44,156,8.773641849623985,28.582122469153006,22.14787519553443,2.779810425190897
Columba_NeuAc1_GS00496,Columba,45,156,8.77367547471374,28.96681562941313,22.14795811371916,2.761935191129582
Columba_NeuAc1_GS00496,Columba,46,156,8.773632379316066,28.95944211509491,22.147913884530592,2.7630144769798077
Columba_NeuAc1_GS00496,Columba,47,156,8.773639793837104,28.918778939599207,22.14792951324354,2.6787254431912197
Columba_NeuAc1_GS00496,Columba,48,156,11.499412364402708,32.19455243412324,23.99851180039871,3.4582135561587286
Columba_NeuAc1_GS00496,Columba,49,156,8.773657749815492,27.595276987874428,22.14800058337556,2.797657055466234
Columba_NeuAc1_GS00496,Columba,50,156,8.77363257888273,29.08474695254216,22.147931821638917,2.5979309074723296
Columba_NeuAc1_GS00917,Columba,1,156,9.045512293916442,35.335477556296354,19.203408171814385,2.2995760478836083
Columba_NeuAc1_GS00917,Columba,2,156,10.086593680346356,32.178686633025684,21.449117642069442,2.9604102756205934
Columba_NeuAc1_GS00917,Columba,3,156,10.369903485840055,32.87033790162945,20.959573598413364,2.797811466128481
Columba_NeuAc1_GS00917,Columba,4,156,9.04551493679665,35.79319617996445,19.20357499857025,2.566701579849125
Columba_NeuAc1_GS00917,Columba,5,156,9.433737545848395,33.43979257672379,24.313081558575107,2.548756951927743
Columba_NeuAc1_GS00917,Columba,6,156,10.36999161283435,32.370908790454884,20.959582494493567,2.6714419327396945
Columba_NeuAc1_GS00917,Columba,7,156,10.369950369937511,32.93901310886265,20.959333282145757,2.714099113886594
Columba_NeuAc1_GS00917,Columba,8,156,9.04551493679665,35.79319617996445,19.20357499857025,2.566701579849125
Columba_NeuAc1_GS00917,Columba,9,156,8.464568064816726,27.951131600371045,19.214307712159822,2.930002730374155
Columba_NeuAc1_GS00917,Columba,10,156,10.086593680346356,32.178686633025684,21.449117642069442,2.9604102756205934
Columba_NeuAc1_GS00917,Columba,11,156,10.541645484825255,33.96748331617541,20.166920409964685,2.8679041127624907
Columba_NeuAc1_GS00917,Columba,12,156,10.36999161283435,32.370908790454884,20.959582494493567,2.6714419327396945
Columba_NeuAc1_GS00917,Columba,13,156,10.272335908601733,35.388804830797994,20.934815467370388,2.539267807853281
Columba_NeuAc1_GS00917,Columba,14,156,10.369950369937511,32.93901310886265,20.959333282145757,2.714099113886594
Columba_NeuAc1_GS00917,Columba,15,156,9.04551493679665,35.79319617996445,19.20357499857025,2.566701579849125
Columba_NeuAc1_GS00917,Columba,16,156,10.541680388508349,34.3219039574046,20.167221007611417,2.5614068400002368
Columba_NeuAc1_GS00917,Columba,17,156,8.464519198365146,28.295261237249505,19.214212762834254,3.178179510348653
Columba_NeuAc1_GS00917,Columba,18,156,9.04551493679665,35.79319617996445,19.20357499857025,2.566701579849125
Columba_NeuAc1_GS00917,Columba,19,156,9.433739573407816,32.99519345803362,24.312985128878914,2.595620542375176
Columba_NeuAc1_GS00917,Columba,20,156,10.08656640866758,32.227077346825254,21.44903565586329,2.8060326085061806
Columba_NeuAc1_GS00917,Columba,21,156,10.369950369937511,32.93901310886265,20.959333282145757,2.714099113886594
Columba_NeuAc1_GS00917,Columba,22,156,8.464555680862684,28.38050340991524,19.214095670119832,3.1245854124987527
Columba_NeuAc1_GS00917,Columba,23,156,10.541687321094827,34.336700793833344,20.166939522663966,3.011272654543259
Columba_NeuAc1_GS00917,Columba,24,156,10.086593680346356,32.178686633025684,21.449117642069442,2.9604102756205934
Columba_NeuAc1_GS00917,Columba,25,156,10.272318973931558,34.73177732992489,20.934730444168284,3.092987390856936
Columba_NeuAc1_GS00917,Columba,26,156,10.272328625780952,34.742656079807794,20.93480129122243,3.48048329977318
Columba_NeuAc1_GS00917,Columba,27,156,10.36990370172044,33.04770544933509,20.95946087854246,2.623515961453255
Columba_NeuAc1_GS00917,Columba,28,156,10.541645484825255,33.96748331617541,20.166920409964685,2.8679041127624907
Columba_NeuAc1_GS00917,Columba,29,156,9.045512293916442,35.335477556296354,19.203408171814385,2.2995760478836083
Columba_NeuAc1_GS00917,Columba,30,156,8.464555680862684,28.38050340991524,19.214095670119832,3.1245854124987527
Columba_NeuAc1_GS00917,Columba,31,156,8.464525659361243,28.299152174626947,19.214270338623958,3.1666507543459863
Columba_NeuAc1_GS00917,Columba,32,156,10.369950369937511,32.93901310886265,20.959333282145757,2.714099113886594
Columba_NeuAc1_GS00917,Columba,33,156,9.433737545848395,33.43979257672379,24.313081558575107,2.548756951927743
Columba_NeuAc1_GS00917,Columba,34,156,10.272328625780952,34.742656079807794,20.93480129122243,3.48048329977318
Columba_NeuAc1_GS00917,Columba,35,156,10.541680388508349,34.3219039574046,20.167221007611417,2.5614068400002368
Columba_NeuAc1_GS00917,Columba,36,156,10.369977833221515,32.95728858212524,20.95969062561466,2.576403695075753
Columba_NeuAc1_GS00917,Columba,37,156,10.541681400089884,34.20968338714853,20.167094774582417,2.8565897500341215
Columba_NeuAc1_GS00917,Columba,38,156,10.369903485840055,32.87033790162945,20.959573598413364,2.797811466128481
Columba_NeuAc1_GS00917,Columba,39,156,9.433739573407816,32.99519345803362,24.312985128878914,2.595620542375176
Columba_NeuAc1_GS00917,Columba,40,156,10.541687321094827,34.336700793833344,20.166939522663966,3.011272654543259
Columba_NeuAc1_GS00917,Columba,41,156,8.464556963522444,28.331947067454603,19.214237924753927,2.997563176982264
Columba_NeuAc1_GS00917,Columba,42,156,10.272318973931558,34.73177732992489,20.934730444168284,3.092987390856936
Columba_NeuAc1_GS00917,Columba,43,156,10.369958372132059,33.56346068929203,20.959648224774053,2.04524912907939
Columba_NeuAc1_GS00917,Columba,44,156,10.541645484825255,33.96748331617541,20.166920409964685,2.8679041127624907
Columba_NeuAc1_GS00917,Columba,45,156,10.369977833221515,32.95728858212524,20.95969062561466,2.576403695075753
Columba_NeuAc1_GS00917,Columba,46,156,10.541680388508349,34.3219039574046,20.167221007611417,2.5614068400002368
Columba_NeuAc1_GS00917,Columba,47,156,10.541687321094827,34.336700793833344,20.166939522663966,3.011272654543259
Columba_NeuAc1_GS00917,Columba,48,156,9.045540180811802,33.05472599526014,19.203422849548367,4.269280969905822
Columba_NeuAc1_GS00917,Columba,49,156,10.369950369937511,32.93901310886265,20.959333282145757,2.714099113886594
Columba_NeuAc1_GS00917,Columba,50,156,10.36990370172044,33.04770544933509,20.95946087854246,2.623515961453255
Gallus_G80966KZ,Gallus,1,94,6.878856267925353,28.152759575334642,10.356869382877344,3.4978367600561353
Gallus_G80966KZ,Gallus,2,94,7.742814516040656,30.742014024657514,20.485236259044836,3.4557298794900055
Gallus_G80966KZ,Gallus,3,94,6.8788846946724185,28.07352134879451,10.356631046681178,3.7766081342919344
Gallus_G80966KZ,Gallus,4,94,6.878804894335373,27.966488091937805,10.356704926974878,4.180785332924903
Gallus_G80966KZ,Gallus,5,94,7.5963706115617,30.421674528618013,19.75326102839913,2.6572954295674402
Gallus_G80966KZ,Gallus,6,94,6.878866637046843,27.997147802044992,10.356702732129571,3.79875887626472
Gallus_G80966KZ,Gallus,7,94,7.742814516040656,30.742014024657514,20.485236259044836,3.4557298794900055
Gallus_G80966KZ,Gallus,8,94,7.742797688741307,31.148105438422608,20.485126984415636,4.281958547207108
Gallus_G80966KZ,Gallus,9,94,7.742814516040656,30.742014024657514,20.485236259044836,3.4557298794900055
Gallus_G80966KZ,Gallus,10,94,7.596390631355868,30.36834738670669,19.75343606045566,2.7336506726354037
Gallus_G80966KZ,Gallus,11,94,7.742800218976779,31.25545385164199,20.48500705656202,4.126197038436241
Gallus_G80966KZ,Gallus,12,94,6.878872905866931,27.66189609563221,10.356685664114218,3.2201982858202998
Gallus_G80966KZ,Gallus,13,94,7.5963706115617,30.421674528618013,19.75326102839913,2.6572954295674402
Gallus_G80966KZ,Gallus,14,94,7.742797688741307,31.148105438422608,20.485126984415636,4.281958547207108
Gallus_G80966KZ,Gallus,15,94,7.5963706115617,30.421674528618013,19.75326102839913,2.6572954295674402
Gallus_G80966KZ,Gallus,16,94,7.742797688741307,31.148105438422608,20.485126984415636,4.281958547207108
Gallus_G80966KZ,Gallus,17,94,7.7428224611356855,30.92024607998382,20.485279357972583,3.6141375181362423
Gallus_G80966KZ,Gallus,18,94,7.742797688741307,31.148105438422608,20.485126984415636,4.281958547207108
Gallus_G80966KZ,Gallus,19,94,6.679111119289806,28.25906896805438,11.724645298385578,2.9000786196239576
Gallus_G80966KZ,Gallus,20,94,7.7428058899361805,31.188890318859244,20.484989553881707,4.250770283136928
Gallus_G80966KZ,Gallus,21,94,7.742825036835147,31.218371728542806,20.485255817292067,4.138726736570078
Gallus_G80966KZ,Gallus,22,94,7.7427766909940186,30.995472557225213,20.48502965332748,4.215480636890649
Gallus_G80966KZ,Gallus,23,94,7.5963706115617,30.421674528618013,19.75326102839913,2.6572954295674402
Gallus_G80966KZ,Gallus,24,94,7.7428058899361805,31.188890318859244,20.484989553881707,4.250770283136928
Gallus_G80966KZ,Gallus,25,94,7.742814516040656,30.742014024657514,20.485236259044836,3.4557298794900055
Gallus_G80966KZ,Gallus,26,94,7.59638811478509,30.432295660278903,19.753379150257103,2.639833706883826
Gallus_G80966KZ,Gallus,27,94,7.74284641181305,31.06774480318679,20.48523531842667,3.4212439258258094
Gallus_G80966KZ,Gallus,28,94,7.7428089084212095,31.202229971411775,20.485217128711756,4.424756038472631
Gallus_G80966KZ,Gallus,29,94,6.6790170443148345,28.07881699531638,11.724577190863654,2.983440631217589
Gallus_G80966KZ,Gallus,30,94,7.596360386758206,30.4014140432681,19.75315134443987,2.686671360624519
Gallus_G80966KZ,Gallus,31,94,7.596421607583002,30.482858593234894,19.753303394976733,3.1048230223315474
Gallus_G80966KZ,Gallus,32,94,7.7428058899361805,31.188890318859244,20.484989553881707,4.250770283136928
Gallus_G80966KZ,Gallus,33,94,7.742821806650225,31.188130161470934,20.485147210595134,4.297971032941009
Gallus_G80966KZ,Gallus,34,94,7.742864099434606,31.028322150799585,20.48526511882149,4.124882180135574
Gallus_G80966KZ,Gallus,35,94,7.742821806650225,31.188130161470934,20.485147210595134,4.297971032941009
Gallus_G80966KZ,Gallus,36,94,6.878856267925353,28.152759575334642,10.356869382877344,3.4978367600561353
Gallus_G80966KZ,Gallus,37,94,7.596360386758206,30.4014140432681,19.75315134443987,2.686671360624519
Gallus_G80966KZ,Gallus,38,94,7.7428089084212095,31.202229971411775,20.485217128711756,4.424756038472631
Gallus_G80966KZ,Gallus,39,94,7.74284641181305,31.06774480318679,20.48523531842667,3.4212439258258094
Gallus_G80966KZ,Gallus,40,94,7.742846782049205,30.81589309634557,20.485234519197043,3.4273933243793318
Gallus_G80966KZ,Gallus,41,94,7.742797688741307,31.148105438422608,20.485126984415636,4.281958547207108
Gallus_G80966KZ,Gallus,42,94,6.878872905866931,27.66189609563221,10.356685664114218,3.2201982858202998
Gallus_G80966KZ,Gallus,43,94,7.742774342084953,31.14921967521174,20.484913602558038,4.305092217363063
Gallus_G80966KZ,Gallus,44,94,6.878887033816981,27.995695577580047,10.356665032292966,2.954221555672492
Gallus_G80966KZ,Gallus,45,94,7.5963706115617,30.421674528618013,19.75326102839913,2.6572954295674402
Gallus_G80966KZ,Gallus,46,94,7.5963706115617,30.421674528618013,19.75326102839913,2.6572954295674402
Gallus_G80966KZ,Gallus,47,94,7.742825036835147,31.218371728542806,20.485255817292067,4.138726736570078
Gallus_G80966KZ,Gallus,48,94,6.679108473577202,28.432072639080708,11.724619021726456,3.07628574745585
Gallus_G80966KZ,Gallus,49,94,7.742825036835147,31.218371728542806,20.485255817292067,4.138726736570078
Gallus_G80966KZ,Gallus,50,94,7.297210620347295,27.926386306336717,13.971400582698987,3.4709239403939693
